Source,Target
joselitojunior1,fernandocastor
filipeximenes,fernandocastor
renatooliveira,fernandocastor
henvic,fernandocastor
fjsj,fernandocastor
arthuralvim,fernandocastor
guiocavalcanti,fernandocastor
pcstl,fernandocastor
horaciojcfilho,fernandocastor
victorlaerte,fernandocastor
henriquemenezes,fernandocastor
karlafalcao,fernandocastor
embs,fernandocastor
dvro,fernandocastor
victorcarrico,fernandocastor
filipevarjao,fernandocastor
irgmedeiros,fernandocastor
JoaoGFarias,fernandocastor
leopoldomt,fernandocastor
ThaisaMirely,fernandocastor
omailson,fernandocastor
peaonunes,fernandocastor
gabrieldluca,fernandocastor
foolOnTheHill,fernandocastor
atriciasabino,fernandocastor
caionovaes,fernandocastor
rcbop,fernandocastor
penelopearaujo,fernandocastor
luishmelo,fernandocastor
macm3,fernandocastor
felipealencar,fernandocastor
mangueBit,fernandocastor
Leviterus,fernandocastor
rafaelfvcs,fernandocastor
heitorpaceli,fernandocastor
aacgn,fernandocastor
rodrigodma,fernandocastor
gilesv,fernandocastor
eduardosm7,fernandocastor
dayvisons,fernandocastor
esdrascavalcs,fernandocastor
itamarsilva,fernandocastor
claudiopacheco,fernandocastor
thomascristanis,fernandocastor
adsonxzx,fernandocastor
joaoMonte,fernandocastor
arthurmagno,fernandocastor
douglasventura,fernandocastor
luanfonceca,filipeximenes
gileno,filipeximenes
renatooliveira,filipeximenes
luiztiago,filipeximenes
fernandocastor,filipeximenes
fjsj,filipeximenes
arthuralvim,filipeximenes
guilhermefarias,filipeximenes
guiocavalcanti,filipeximenes
roselmamendes,filipeximenes
dakerfp,filipeximenes
chocoelho,filipeximenes
dvro,filipeximenes
victorcarrico,filipeximenes
vanessa,filipeximenes
patrickrbc,filipeximenes
brunnogomes,filipeximenes
irgmedeiros,filipeximenes
JoaoGFarias,filipeximenes
mateusrevoredo,filipeximenes
meiralins,filipeximenes
felipefarias,filipeximenes
lipse,filipeximenes
lauromoura,filipeximenes
nielsonsantana,filipeximenes
rcbop,filipeximenes
arineto,filipeximenes
matheuslins,filipeximenes
hugobessa,filipeximenes
chicofilho,filipeximenes
andersonberg,filipeximenes
amandasavluchinske,filipeximenes
wellington16,filipeximenes
filipe0513,filipeximenes
klebercode,filipeximenes
antoniocorreia,filipeximenes
victoracioli,filipeximenes
diegobarcelar,filipeximenes
Galtvan,filipeximenes
warkentien2,filipeximenes
talitaoliveira,simoneas02
ktquez,simoneas02
pcstl,simoneas02
karlafalcao,simoneas02
kessiacastro,simoneas02
Suburbanno,simoneas02
iagobelo,simoneas02
mayrarabelo,simoneas02
ramonsantos,simoneas02
leticiamachado,simoneas02
WandersonAlves,simoneas02
alexjosesilva,simoneas02
TigerRobocop,simoneas02
leonardooo,simoneas02
eltonrufino,simoneas02
JohnsonMauro,simoneas02
filipewl,simoneas02
corallocatelli,simoneas02
grodrigues,simoneas02
Allansantosdefreitas,simoneas02
daicorrea,simoneas02
ronaldoveras,simoneas02
AnnyChien,simoneas02
abriela,simoneas02
mikeliguedes,simoneas02
tecavasconcelos,simoneas02
raisagalindo,simoneas02
witerbino,simoneas02
alicexmelo,simoneas02
magalhaesrebecca,simoneas02
karollmm,simoneas02
giuliosa,simoneas02
sheylacanutobf,simoneas02
lumaneto,simoneas02
silvinhamorais,simoneas02
tiagocalisto,simoneas02
rafamelima,simoneas02
joselitojunior1,renatooliveira
luanfonceca,renatooliveira
gileno,renatooliveira
filipeximenes,renatooliveira
luiztiago,renatooliveira
fernandocastor,renatooliveira
fjsj,renatooliveira
arthuralvim,renatooliveira
guiocavalcanti,renatooliveira
roselmamendes,renatooliveira
karlafalcao,renatooliveira
chocoelho,renatooliveira
thiagodiniz,renatooliveira
embs,renatooliveira
dvro,renatooliveira
victorcarrico,renatooliveira
patrickrbc,renatooliveira
filipevarjao,renatooliveira
brunnogomes,renatooliveira
irgmedeiros,renatooliveira
JoaoGFarias,renatooliveira
meiralins,renatooliveira
lipse,renatooliveira
araujoraphael,renatooliveira
lauromoura,renatooliveira
isabarros,renatooliveira
hugobessa,renatooliveira
klebercode,renatooliveira
antoniocorreia,renatooliveira
felipesotero,renatooliveira
rmd2,renatooliveira
marcelolima,renatooliveira
adailsonfilho,renatooliveira
hugoesb,renatooliveira
joaoluizdhv,renatooliveira
luanfonceca,lailsonbm
gileno,lailsonbm
filipeximenes,lailsonbm
renatooliveira,lailsonbm
fjsj,lailsonbm
arthuralvim,lailsonbm
guiocavalcanti,lailsonbm
thiagodiniz,lailsonbm
gvc,lailsonbm
embs,lailsonbm
dvro,lailsonbm
patrickrbc,lailsonbm
brunnogomes,lailsonbm
mayrarabelo,lailsonbm
lmarinho,lailsonbm
hamorim,lailsonbm
lipse,lailsonbm
araujoraphael,lailsonbm
guilhermepaiva,lailsonbm
rsilvabr,lailsonbm
isabarros,lailsonbm
tacionery,lailsonbm
fernandopereira,lailsonbm
luizpaulogodoy,lailsonbm
dmente03,lailsonbm
victoracioli,lailsonbm
willfelix,lailsonbm
GeneseLessa,lailsonbm
fracmt,lailsonbm
luanfonceca,marcelcaraciolo
gileno,marcelcaraciolo
filipeximenes,marcelcaraciolo
renatooliveira,marcelcaraciolo
fjsj,marcelcaraciolo
arthuralvim,marcelcaraciolo
henriquemenezes,marcelcaraciolo
karlafalcao,marcelcaraciolo
victorcarrico,marcelcaraciolo
thiagoarrais,marcelcaraciolo
patrickrbc,marcelcaraciolo
filipevarjao,marcelcaraciolo
brunnogomes,marcelcaraciolo
irgmedeiros,marcelcaraciolo
lipse,marcelcaraciolo
Gustavomagalhaes,marcelcaraciolo
daniellqueiroz,marcelcaraciolo
lauromoura,marcelcaraciolo
nielsonsantana,marcelcaraciolo
guilhermepaiva,marcelcaraciolo
geocarvalho,marcelcaraciolo
tcostam,marcelcaraciolo
jamissonfreitas,marcelcaraciolo
wellington16,marcelcaraciolo
klebercode,marcelcaraciolo
angelobrito,marcelcaraciolo
hugoesb,marcelcaraciolo
wbgalvao,marcelcaraciolo
simoneas02,guilhermefarias
filipeximenes,guilhermefarias
luiztiago,guilhermefarias
henvic,guilhermefarias
clovisdasilvaneto,guilhermefarias
talitaoliveira,guilhermefarias
karlafalcao,guilhermefarias
patrickrbc,guilhermefarias
deyvisonrocha,guilhermefarias
arthurmichel,guilhermefarias
jeftarmascarenhas,guilhermefarias
gcaraciolo,guilhermefarias
lucascmelo,guilhermefarias
sergiohampel,guilhermefarias
yeltsin,guilhermefarias
paulinhoerry,guilhermefarias
viniciusgalvao,guilhermefarias
ronaldoveras,guilhermefarias
viniciuspolux,guilhermefarias
marcoshmendes,guilhermefarias
lucianojsjr,guilhermefarias
ivanAndrade,guilhermefarias
joaopaulosama,guilhermefarias
agcloud,guilhermefarias
andreximenes,guilhermefarias
mairatma,henvic
luiztiago,henvic
fjsj,henvic
arthuralvim,henvic
guilhermefarias,henvic
guiocavalcanti,henvic
interaminense,henvic
victorlaerte,henvic
diegonvs,henvic
gvc,henvic
tomersimis,henvic
patrickrbc,henvic
deyvisonrocha,henvic
alexpessoajr,henvic
meiralins,henvic
hnka,henvic
lucascmelo,henvic
albertmourato,henvic
grodrigues,henvic
sfilhu,henvic
mangueBit,henvic
rafaelfvcs,henvic
lucasbiagini,henvic
FernandaLandim,henvic
cConectando,henvic
deividazevedo2,guiocavalcanti
filipeximenes,guiocavalcanti
renatooliveira,guiocavalcanti
henvic,guiocavalcanti
arthuralvim,guiocavalcanti
henriquemenezes,guiocavalcanti
karlafalcao,guiocavalcanti
embs,guiocavalcanti
filipevarjao,guiocavalcanti
brunnogomes,guiocavalcanti
paulolieuthier,guiocavalcanti
hamorim,guiocavalcanti
arthurms,guiocavalcanti
lipse,guiocavalcanti
peaonunes,guiocavalcanti
rsilvabr,guiocavalcanti
fltiago,guiocavalcanti
filipewl,guiocavalcanti
tacionery,guiocavalcanti
soikmd2,guiocavalcanti
dmente03,guiocavalcanti
danilosoares,guiocavalcanti
matheusmmx,guiocavalcanti
adozrocha,guiocavalcanti
simoneas02,clovisdasilvaneto
talitaoliveira,clovisdasilvaneto
ktquez,clovisdasilvaneto
guilhermefarias,clovisdasilvaneto
interaminense,clovisdasilvaneto
diegonvs,clovisdasilvaneto
gallindo,clovisdasilvaneto
jordanamorais,clovisdasilvaneto
alexpessoajr,clovisdasilvaneto
arthurmichel,clovisdasilvaneto
rafaprax,clovisdasilvaneto
jeftarmascarenhas,clovisdasilvaneto
alinedoleron,clovisdasilvaneto
JohnsonMauro,clovisdasilvaneto
grodrigues,clovisdasilvaneto
adelmojnr,clovisdasilvaneto
lucianojsjr,clovisdasilvaneto
matequeiroz,clovisdasilvaneto
manoelcyreno,clovisdasilvaneto
witerbino,clovisdasilvaneto
dashdanilo,clovisdasilvaneto
xewertonfilipe,clovisdasilvaneto
klaytondeoliveira,clovisdasilvaneto
VictorManoel,clovisdasilvaneto
luanfonceca,joselitojunior1
renatooliveira,joselitojunior1
talitaoliveira,joselitojunior1
pcstl,joselitojunior1
karlafalcao,joselitojunior1
embs,joselitojunior1
mauriciomanoel,joselitojunior1
arthurmichel,joselitojunior1
JoaoGFarias,joselitojunior1
Cisneiros,joselitojunior1
meiralins,joselitojunior1
ThaisaMirely,joselitojunior1
peaonunes,joselitojunior1
mirjahal,joselitojunior1
paulomenezes,joselitojunior1
grodrigues,joselitojunior1
thiagotargino,joselitojunior1
witerbino,joselitojunior1
levisaturnino,joselitojunior1
andreximenes,joselitojunior1
dayvisons,joselitojunior1
esdrascavalcs,joselitojunior1
andreguigo,joselitojunior1
marcelcaraciolo,gileno
luanfonceca,gileno
filipeximenes,gileno
renatooliveira,gileno
fjsj,gileno
arthuralvim,gileno
chocoelho,gileno
thiagodiniz,gileno
dvro,gileno
patrickrbc,gileno
brunnogomes,gileno
irgmedeiros,gileno
lipse,gileno
araujoraphael,gileno
lauromoura,gileno
juliosmelo,gileno
matheuslins,gileno
wellington16,gileno
klebercode,gileno
hugoesb,gileno
FilipelIOn,gileno
WesleyJw,gileno
progerbr,gileno
marcelcaraciolo,arthuralvim
luanfonceca,arthuralvim
deividazevedo2,arthuralvim
gileno,arthuralvim
filipeximenes,arthuralvim
renatooliveira,arthuralvim
fjsj,arthuralvim
alsmoreira,arthuralvim
rasoliveira,arthuralvim
brunnogomes,arthuralvim
irgmedeiros,arthuralvim
victorfsf,arthuralvim
meiralins,arthuralvim
nielsonsantana,arthuralvim
ericbbraga,arthuralvim
pernambucano,arthuralvim
arineto,arthuralvim
matheuslins,arthuralvim
jamissonfreitas,arthuralvim
figueredo,arthuralvim
felipesotero,arthuralvim
tuliocpbs,arthuralvim
filipehsilva,arthuralvim
luanfonceca,fjsj
deividazevedo2,fjsj
gileno,fjsj
filipeximenes,fjsj
renatooliveira,fjsj
arthuralvim,fjsj
chocoelho,fjsj
thiagodiniz,fjsj
embs,fjsj
dvro,fjsj
victorcarrico,fjsj
vanessa,fjsj
patrickrbc,fjsj
irgmedeiros,fjsj
meiralins,fjsj
felipefarias,fjsj
rcbop,fjsj
hugobessa,fjsj
amandasavluchinske,fjsj
tiagollalmeida,fjsj
simoneas02,talitaoliveira
paulorec,talitaoliveira
guilhermefarias,talitaoliveira
interaminense,talitaoliveira
victorlaerte,talitaoliveira
jonathanslima,talitaoliveira
iagobelo,talitaoliveira
WandersonAlves,talitaoliveira
matheusFTC,talitaoliveira
rcbop,talitaoliveira
andersongns,talitaoliveira
JohnsonMauro,talitaoliveira
cassiolpaixao90,talitaoliveira
patomarques,talitaoliveira
grodrigues,talitaoliveira
ericklucena,talitaoliveira
DyogoViana,talitaoliveira
maysaborges,talitaoliveira
yeltsinseal,talitaoliveira
mafrnds,talitaoliveira
simoneas02,mairatma
henvic,mairatma
henriquemenezes,mairatma
karlafalcao,mairatma
diegonvs,mairatma
andrewesteves,mairatma
iagobelo,mairatma
patrickrbc,mairatma
alexpessoajr,mairatma
pereiragislene,mairatma
meiralins,mairatma
pedroqueiroz,mairatma
albertmourato,mairatma
tcostam,mairatma
filipewl,mairatma
aperrelli,mairatma
grodrigues,mairatma
fmm,mairatma
brunover,mairatma
gileno,gvc
filipeximenes,gvc
renatooliveira,gvc
henvic,gvc
fjsj,gvc
arthuralvim,gvc
guiocavalcanti,gvc
embs,gvc
dvro,gvc
lmarinho,gvc
lipse,gvc
araujoraphael,gvc
guilhermepaiva,gvc
isabarros,gvc
filipewl,gvc
lbrito1,gvc
fernandopereira,gvc
dmente03,gvc
filipeximenes,luiztiago
renatooliveira,luiztiago
henvic,luiztiago
fjsj,luiztiago
guilhermefarias,luiztiago
patrickrbc,luiztiago
deyvisonrocha,luiztiago
arthurmichel,luiztiago
lucascmelo,luiztiago
sergiohampel,luiztiago
paulinhoerry,luiztiago
viniciusgalvao,luiztiago
thiagotargino,luiztiago
marcoshmendes,luiztiago
dmente03,luiztiago
ivanAndrade,luiztiago
fraposo,luiztiago
italoj,luiztiago
fernandocastor,pauloborba
henvic,pauloborba
paulorec,pauloborba
horaciojcfilho,pauloborba
victorlaerte,pauloborba
henriquemenezes,pauloborba
karlafalcao,pauloborba
embs,pauloborba
dvro,pauloborba
JoaoGFarias,pauloborba
leopoldomt,pauloborba
PedroRossi,pauloborba
macm3,pauloborba
thaisabr,pauloborba
Gabisampaio,pauloborba
thomascristanis,pauloborba
talitaoliveira,interaminense
paulorec,interaminense
victorlaerte,interaminense
diegonvs,interaminense
jordanamorais,interaminense
alexpessoajr,interaminense
HaysaRodrigues,interaminense
inacionery,interaminense
rafaprax,interaminense
eudesll,interaminense
alinedoleron,interaminense
albertmourato,interaminense
grodrigues,interaminense
tobiasparaiso,interaminense
flaubert165,interaminense
marcelcaraciolo,dakerfp
luanfonceca,dakerfp
renatooliveira,dakerfp
henvic,dakerfp
fjsj,dakerfp
arthuralvim,dakerfp
henriquemenezes,dakerfp
embs,dakerfp
dvro,dakerfp
filipevarjao,dakerfp
julianalucena,dakerfp
lipse,dakerfp
lauromoura,dakerfp
nielsonsantana,dakerfp
hugoesb,dakerfp
fernandocastor,vinicius3w
henvic,vinicius3w
rcbop,vinicius3w
rbm4,vinicius3w
wison27,vinicius3w
jbsn94,vinicius3w
aacgn,vinicius3w
gilesv,vinicius3w
Augusto94,vinicius3w
eduardosm7,vinicius3w
pedrojsn96,vinicius3w
thomastbb,vinicius3w
ThiagoAquino,vinicius3w
Jcns,vinicius3w
luanfonceca,thiagodiniz
filipeximenes,thiagodiniz
renatooliveira,thiagodiniz
fjsj,thiagodiniz
arthuralvim,thiagodiniz
guiocavalcanti,thiagodiniz
henriquemenezes,thiagodiniz
patrickrbc,thiagodiniz
lipse,thiagodiniz
guilhermepaiva,thiagodiniz
guilhermebm,thiagodiniz
fernandopereira,thiagodiniz
filipe0513,thiagodiniz
kassioribeiro,thiagodiniz
interaminense,diegonvs
victorlaerte,diegonvs
jordanamorais,diegonvs
alexpessoajr,diegonvs
HaysaRodrigues,diegonvs
itsmealves,diegonvs
inacionery,diegonvs
alinedoleron,diegonvs
albertmourato,diegonvs
IFormiga,diegonvs
grodrigues,diegonvs
MauricioLimaJR,diegonvs
BernardoHazin,diegonvs
renatohlf,diegonvs
talitaoliveira,victorlaerte
paulorec,victorlaerte
interaminense,victorlaerte
diegonvs,victorlaerte
jordanamorais,victorlaerte
alexpessoajr,victorlaerte
HaysaRodrigues,victorlaerte
leopoldomt,victorlaerte
inacionery,victorlaerte
rafaprax,victorlaerte
eudesll,victorlaerte
allanragec,victorlaerte
albertmourato,victorlaerte
tobiasparaiso,victorlaerte
arthuralvim,alsmoreira
alexpessoajr,alsmoreira
eudesll,alsmoreira
valterh4ck3r,alsmoreira
Allansantosdefreitas,alsmoreira
ArthurLCastro,alsmoreira
heitorpaceli,alsmoreira
ThomasSousa96,alsmoreira
andersonpe,alsmoreira
felypenery,alsmoreira
jcrbsa,alsmoreira
wagnerbit,alsmoreira
andredidier,alsmoreira
wsena,alsmoreira
henvic,brunofarache
interaminense,brunofarache
victorlaerte,brunofarache
marcellustavares,brunofarache
alexpessoajr,brunofarache
HaysaRodrigues,brunofarache
pedroqueiroz,brunofarache
sgosantos,brunofarache
albertmourato,brunofarache
aperrelli,brunofarache
igoriols,brunofarache
ledebour,brunofarache
josealbino,brunofarache
paulorec,alexpessoajr
alsmoreira,alexpessoajr
interaminense,alexpessoajr
victorlaerte,alexpessoajr
diegonvs,alexpessoajr
jordanamorais,alexpessoajr
inacionery,alexpessoajr
rafaprax,alexpessoajr
eudesll,alexpessoajr
alinedoleron,alexpessoajr
allanragec,alexpessoajr
tobiasparaiso,alexpessoajr
heitorpaceli,alexpessoajr
marcelcaraciolo,brunnogomes
gileno,brunnogomes
renatooliveira,brunnogomes
arthuralvim,brunnogomes
guiocavalcanti,brunnogomes
henriquemenezes,brunnogomes
embs,brunnogomes
patrickrbc,brunnogomes
filipevarjao,brunnogomes
lipse,brunnogomes
nielsonsantana,brunnogomes
fernandopereira,brunnogomes
paulorec,jordanamorais
interaminense,jordanamorais
victorlaerte,jordanamorais
diegonvs,jordanamorais
iagobelo,jordanamorais
alexpessoajr,jordanamorais
HaysaRodrigues,jordanamorais
rafaprax,jordanamorais
cassiolpaixao90,jordanamorais
tobiasparaiso,jordanamorais
manoelcyreno,jordanamorais
Jemesson,jordanamorais
brunobasto,marcellustavares
guiocavalcanti,marcellustavares
interaminense,marcellustavares
victorlaerte,marcellustavares
diegonvs,marcellustavares
patrickrbc,marcellustavares
alexpessoajr,marcellustavares
inacionery,marcellustavares
rafaprax,marcellustavares
pedroqueiroz,marcellustavares
aperrelli,marcellustavares
henriquemc,marcellustavares
gileno,lmarinho
filipeximenes,lmarinho
renatooliveira,lmarinho
arthuralvim,lmarinho
lailsonbm,lmarinho
lmmenge,lmarinho
thiagodiniz,lmarinho
gvc,lmarinho
embs,lmarinho
araujoraphael,lmarinho
dmente03,lmarinho
fernandocastor,leopoldomt
victorlaerte,leopoldomt
pauloborba,leopoldomt
embs,leopoldomt
dvro,leopoldomt
abelb0rges,leopoldomt
albertmourato,leopoldomt
luishmelo,leopoldomt
jhdavino,leopoldomt
ArthurLapprand,leopoldomt
Gabisampaio,leopoldomt
arthuralvim,karlafalcao
guiocavalcanti,karlafalcao
pcstl,karlafalcao
tuliohmendes,karlafalcao
dayvsonlima,karlafalcao
hamorim,karlafalcao
FranciscoMarinho,karlafalcao
fecalemos,karlafalcao
tpmarcs,karlafalcao
manunejaim,karlafalcao
esdrascavalcs,karlafalcao
gileno,irgmedeiros
simoneas02,irgmedeiros
filipeximenes,irgmedeiros
renatooliveira,irgmedeiros
fjsj,irgmedeiros
arthuralvim,irgmedeiros
roselmamendes,irgmedeiros
rasoliveira,irgmedeiros
johanngomes,irgmedeiros
klebercode,irgmedeiros
esdrascavalcs,irgmedeiros
paulorec,brunobasto
interaminense,brunobasto
victorlaerte,brunobasto
diegonvs,brunobasto
marcellustavares,brunobasto
patrickrbc,brunobasto
alexpessoajr,brunobasto
inacionery,brunobasto
rafaprax,brunobasto
pedroqueiroz,brunobasto
aperrelli,brunobasto
simoneas02,WandersonAlves
talitaoliveira,WandersonAlves
matheusFTC,WandersonAlves
gcaraciolo,WandersonAlves
eltonrufino,WandersonAlves
cassiolpaixao90,WandersonAlves
fehaa,WandersonAlves
SandroSena,WandersonAlves
felipeisidorio,WandersonAlves
guuhh,WandersonAlves
viniciusmantero,WandersonAlves
pcstl,miguelarauj1o
horaciojcfilho,miguelarauj1o
embs,miguelarauj1o
tomersimis,miguelarauj1o
JoaoGFarias,miguelarauj1o
caionovaes,miguelarauj1o
FranclinC,miguelarauj1o
chgsilva,miguelarauj1o
sccrn,miguelarauj1o
eduardascharnhorst,miguelarauj1o
talitaoliveira,Cisneiros
pcstl,Cisneiros
henriquemenezes,Cisneiros
vanessa,Cisneiros
peaonunes,Cisneiros
caionovaes,Cisneiros
amandasavluchinske,Cisneiros
lapl,Cisneiros
pnasc,Cisneiros
dayvisons,Cisneiros
filipeximenes,patrickrbc
renatooliveira,patrickrbc
luiztiago,patrickrbc
fjsj,patrickrbc
arthuralvim,patrickrbc
brunnogomes,patrickrbc
tcostam,patrickrbc
filipe0513,patrickrbc
marcelolima,patrickrbc
deividazevedo2,luanfonceca
gileno,luanfonceca
filipeximenes,luanfonceca
renatooliveira,luanfonceca
fjsj,luanfonceca
arthuralvim,luanfonceca
dmesquita,luanfonceca
meiralins,luanfonceca
klebercode,luanfonceca
clovisdasilvaneto,jeftarmascarenhas
talitaoliveira,jeftarmascarenhas
diegonvs,jeftarmascarenhas
eltonrufino,jeftarmascarenhas
JohnsonMauro,jeftarmascarenhas
thiagotargino,jeftarmascarenhas
zecafeitosa,jeftarmascarenhas
witerbino,jeftarmascarenhas
xewertonfilipe,jeftarmascarenhas
acmh,ovictoraurelio
ThiagoAugustoSM,ovictoraurelio
Valgueiro,ovictoraurelio
penelopearaujo,ovictoraurelio
Leviterus,ovictoraurelio
jctvEC,ovictoraurelio
jgfn1,ovictoraurelio
almdac,ovictoraurelio
aht360,ovictoraurelio
gileno,araujoraphael
renatooliveira,araujoraphael
fjsj,araujoraphael
arthuralvim,araujoraphael
guiocavalcanti,araujoraphael
embs,araujoraphael
guilhermepaiva,araujoraphael
fernandopereira,araujoraphael
FilipelIOn,araujoraphael
karlafalcao,tuliohmendes
douglaslira,tuliohmendes
dayvsonlima,tuliohmendes
gcaraciolo,tuliohmendes
luizlago,tuliohmendes
phbraga,tuliohmendes
IFormiga,tuliohmendes
carlosvictor,tuliohmendes
rubens73,tuliohmendes
interaminense,cleydyr
karlafalcao,cleydyr
diegonvs,cleydyr
jordanamorais,cleydyr
embs,cleydyr
JoaoGFarias,cleydyr
inacionery,cleydyr
filipeluiz,cleydyr
mangueBit,cleydyr
clovisdasilvaneto,gallindo
paulorec,gallindo
inacionery,gallindo
rafaprax,gallindo
aperrelli,gallindo
henriquemc,gallindo
gtgsantos,gallindo
arcelo,gallindo
gugaemc,gallindo
deividazevedo2,roselmamendes
simoneas02,roselmamendes
renatooliveira,roselmamendes
karlafalcao,roselmamendes
rasoliveira,roselmamendes
brunovpl,roselmamendes
patomarques,roselmamendes
johanngomes,roselmamendes
roMendes,roselmamendes
deividazevedo2,HaysaRodrigues
interaminense,HaysaRodrigues
victorlaerte,HaysaRodrigues
diegonvs,HaysaRodrigues
jordanamorais,HaysaRodrigues
frankjuniorr,HaysaRodrigues
manoelcyreno,HaysaRodrigues
alexandreclayton,HaysaRodrigues
tamiresa,HaysaRodrigues
simoneas02,felipedealbuquerque
jonathanslima,felipedealbuquerque
thiagoarrais,felipedealbuquerque
sfilhu,felipedealbuquerque
fecalemos,felipedealbuquerque
dmente03,felipedealbuquerque
rodrigoperazzo,felipedealbuquerque
andreximenes,felipedealbuquerque
celsonrd,felipedealbuquerque
marcelcaraciolo,filipevarjao
guiocavalcanti,filipevarjao
embs,filipevarjao
brunnogomes,filipevarjao
ThaisaMirely,filipevarjao
acmh,filipevarjao
tvarjao,filipevarjao
esdrascavalcs,filipevarjao
felipechaulet,filipevarjao
filipeximenes,victorcarrico
fjsj,victorcarrico
arthuralvim,victorcarrico
vanessa,victorcarrico
meiralins,victorcarrico
felipefarias,victorcarrico
casevictor,victorcarrico
amandasavluchinske,victorcarrico
ntocampos,victorcarrico
guiocavalcanti,embs
horaciojcfilho,embs
filipevarjao,embs
brunnogomes,embs
JoaoGFarias,embs
filipewl,embs
dmente03,embs
esdrascavalcs,embs
diogoan,embs
simoneas02,iagobelo
talitaoliveira,iagobelo
yelken,iagobelo
rodolfoestevam,iagobelo
Vitor0liveira,iagobelo
mauLeal,iagobelo
matequeiroz,iagobelo
MaryCaroline,iagobelo
gileno,dvro
renatooliveira,dvro
fjsj,dvro
henriquemenezes,dvro
guilhermepaiva,dvro
caionovaes,dvro
antoniocorreia,dvro
thypad,dvro
marcelcaraciolo,nielsonsantana
filipeximenes,nielsonsantana
arthuralvim,nielsonsantana
lipse,nielsonsantana
geocarvalho,nielsonsantana
jamissonfreitas,nielsonsantana
wbgalvao,nielsonsantana
diogocaetano,nielsonsantana
henvic,tomersimis
peaonunes,tomersimis
acmh,tomersimis
caionovaes,tomersimis
macm3,tomersimis
jpedrocm,tomersimis
lapl,tomersimis
pedrovsra,tomersimis
pcstl,JoaoGFarias
karlafalcao,JoaoGFarias
embs,JoaoGFarias
guilhermepaiva,JoaoGFarias
luizlago,JoaoGFarias
esdrascavalcs,JoaoGFarias
ebl4,JoaoGFarias
Jemesson,JoaoGFarias
luanfonceca,meiralins
filipeximenes,meiralins
fjsj,meiralins
arthuralvim,meiralins
pcstl,meiralins
chocoelho,meiralins
victorcarrico,meiralins
hugobessa,meiralins
paulorec,inacionery
interaminense,inacionery
victorlaerte,inacionery
diegonvs,inacionery
alexpessoajr,inacionery
rafaprax,inacionery
pedroqueiroz,inacionery
jhdavino,inacionery
interaminense,paulorec
victorlaerte,paulorec
jordanamorais,paulorec
alexpessoajr,paulorec
inacionery,paulorec
rafaprax,paulorec
eudesll,paulorec
tobiasparaiso,paulorec
paulorec,rafaprax
interaminense,rafaprax
victorlaerte,rafaprax
diegonvs,rafaprax
jordanamorais,rafaprax
alexpessoajr,rafaprax
inacionery,rafaprax
pedroqueiroz,rafaprax
guiocavalcanti,julianalucena
embs,julianalucena
JoaoGFarias,julianalucena
ThaisaMirely,julianalucena
peaonunes,julianalucena
fltiago,julianalucena
tacionery,julianalucena
aricardoreis,julianalucena
simoneas02,lhaisrs
mayrarabelo,lhaisrs
alexjosesilva,lhaisrs
rodolfoestevam,lhaisrs
mangueBit,lhaisrs
bernardoreis,lhaisrs
Jemesson,lhaisrs
tiagocalisto,lhaisrs
simoneas02,frankjuniorr
HaysaRodrigues,frankjuniorr
yelken,frankjuniorr
FranciscoMarinho,frankjuniorr
ericbbraga,frankjuniorr
favasconcelos,frankjuniorr
lpmourato,frankjuniorr
lmyboy,frankjuniorr
filipeximenes,lipse
zimmerle,lipse
guiocavalcanti,lipse
brunnogomes,lipse
daniellqueiroz,lipse
lauromoura,lipse
nielsonsantana,lipse
rafaelllins,lipse
pcstl,horaciojcfilho
embs,horaciojcfilho
foolOnTheHill,horaciojcfilho
hpbl,horaciojcfilho
caionovaes,horaciojcfilho
paulomenezes,horaciojcfilho
felipebagetti,horaciojcfilho
AleffHenrique,horaciojcfilho
interaminense,pedroqueiroz
victorlaerte,pedroqueiroz
diegonvs,pedroqueiroz
alexpessoajr,pedroqueiroz
inacionery,pedroqueiroz
rafaprax,pedroqueiroz
AlexandreDiegoS,pedroqueiroz
ovictoraurelio,t0rr3sp3dr0
lucasbarross,t0rr3sp3dr0
lvrma,t0rr3sp3dr0
adecarli,t0rr3sp3dr0
wison27,t0rr3sp3dr0
jgfn1,t0rr3sp3dr0
gan640,t0rr3sp3dr0
corallocatelli,leticiamachado
AnnyChien,leticiamachado
abriela,leticiamachado
tecavasconcelos,leticiamachado
raisagalindo,leticiamachado
paulofloliveira,leticiamachado
sheylacanutobf,leticiamachado
luanfonceca,felipefarias
filipeximenes,felipefarias
fjsj,felipefarias
chocoelho,felipefarias
vanessa,felipefarias
meiralins,felipefarias
amandasavluchinske,felipefarias
iagobelo,yelken
deyvisonrocha,yelken
rodolfoestevam,yelken
saulobr88,yelken
joaopaulosama,yelken
esdrascavalcs,yelken
draraujoo,yelken
karlafalcao,dayvsonlima
alexpessoajr,dayvsonlima
tuliohmendes,dayvsonlima
hamorim,dayvsonlima
joseronierison,dayvsonlima
luizpaulogodoy,dayvsonlima
hugolhmartins,dayvsonlima
pcstl,rodolfoestevam
iagobelo,rodolfoestevam
Vitor0liveira,rodolfoestevam
luhanlacerda,rodolfoestevam
mauLeal,rodolfoestevam
claudvanbarret,rodolfoestevam
felipehmsilveira,rodolfoestevam
paulorec,eudesll
alsmoreira,eudesll
interaminense,eudesll
victorlaerte,eudesll
alexpessoajr,eudesll
peaonunes,eudesll
heitorpaceli,eudesll
mayrarabelo,ThaisaMirely
AbrantesMar,ThaisaMirely
rcbop,ThaisaMirely
ThomazFB,ThaisaMirely
rafaelgsm,ThaisaMirely
esdrascavalcs,ThaisaMirely
cConectando,ThaisaMirely
brunofarache,sgosantos
victorlaerte,sgosantos
henriquemenezes,sgosantos
diegonvs,sgosantos
alexpessoajr,sgosantos
igoriols,sgosantos
ledebour,sgosantos
marcelcaraciolo,henriquemenezes
dvro,henriquemenezes
brunnogomes,henriquemenezes
AbrantesMar,henriquemenezes
tcostam,henriquemenezes
igoriols,henriquemenezes
luizpaulogodoy,henriquemenezes
luiztiago,deyvisonrocha
guilhermefarias,deyvisonrocha
yelken,deyvisonrocha
julihermes,deyvisonrocha
douglasrangel,deyvisonrocha
soikmd2,deyvisonrocha
renatoalvesdev,deyvisonrocha
fernandocastor,pcstl
horaciojcfilho,pcstl
karlafalcao,pcstl
JoaoGFarias,pcstl
meiralins,pcstl
rodolfoestevam,pcstl
hpbl,pcstl
deividazevedo2,rasoliveira
arthuralvim,rasoliveira
roselmamendes,rasoliveira
raquelguimaraes,rasoliveira
raony,rasoliveira
johanngomes,rasoliveira
Bonifacio2,rasoliveira
interaminense,allanragec
victorlaerte,allanragec
diegonvs,allanragec
alexpessoajr,allanragec
albertmourato,allanragec
antoniocorreia,allanragec
llac78,allanragec
tomersimis,peaonunes
caionovaes,peaonunes
luishmelo,peaonunes
lvrma,peaonunes
macm3,peaonunes
dgmneto,peaonunes
lapl,peaonunes
hamorim,brunolimawd
FranckAJ,brunolimawd
FranciscoMarinho,brunolimawd
marcoshmendes,brunolimawd
brunodutra,brunolimawd
andreximenes,brunolimawd
tiagoalsilva,brunolimawd
pcstl,acmh
ovictoraurelio,acmh
tomersimis,acmh
Juniorlimaivd,acmh
renatoosousa,acmh
ntocampos,acmh
aht360,acmh
luiztiago,arthurmichel
guilhermefarias,arthurmichel
yelken,arthurmichel
sergiohampel,arthurmichel
tacionery,arthurmichel
marcoshmendes,arthurmichel
felipemarques8,arthurmichel
talitaoliveira,vanessa
interaminense,vanessa
victorcarrico,vanessa
amandasavluchinske,vanessa
eduardolsneto2,vanessa
alnp,vanessa
guilhermefarias,gcaraciolo
tuliohmendes,gcaraciolo
WandersonAlves,gcaraciolo
luizlago,gcaraciolo
marcoshmendes,gcaraciolo
tamiresa,gcaraciolo
tuliohmendes,luizlago
JoaoGFarias,luizlago
gcaraciolo,luizlago
paulomenezes,luizlago
lpmourato,luizlago
rubens73,luizlago
renatooliveira,omailson
arthuralvim,omailson
dvro,omailson
lauromoura,omailson
figueredo,omailson
fdsadat,omailson
vanessa,rvlb-19
RodrigoCastiel,rvlb-19
amandasavluchinske,rvlb-19
phrps,rvlb-19
mateusnbm,rvlb-19
mattvie,rvlb-19
gabrieldluca,Lucas-CardosoO
penelopearaujo,Lucas-CardosoO
lucasbarross,Lucas-CardosoO
AugustoQueiroz,Lucas-CardosoO
rafaelmotaalves,Lucas-CardosoO
luanbrito7,Lucas-CardosoO
luanfonceca,dmesquita
mayrarabelo,dmesquita
foolOnTheHill,dmesquita
caionovaes,dmesquita
jpedrocm,dmesquita
Jemesson,dmesquita
luanfonceca,andersonresende
fjsj,andersonresende
chocoelho,andersonresende
vanessa,andersonresende
meiralins,andersonresende
amandasavluchinske,andersonresende
paulorec,ramon-v
interaminense,ramon-v
victorlaerte,ramon-v
jordanamorais,ramon-v
alexpessoajr,ramon-v
tobiasparaiso,ramon-v
simoneas02,TigerRobocop
talitaoliveira,TigerRobocop
interaminense,TigerRobocop
thiagoarrais,TigerRobocop
HaysaRodrigues,TigerRobocop
tecavasconcelos,TigerRobocop
interaminense,rafoli
jordanamorais,rafoli
HaysaRodrigues,rafoli
manoelcyreno,rafoli
izaiasavila,rafoli
jonatascp,rafoli
marcelcaraciolo,eduardocruz
filipeximenes,eduardocruz
fjsj,eduardocruz
arthuralvim,eduardocruz
patrickrbc,eduardocruz
evandroabreu,eduardocruz
diegonvs,itsmealves
cauannelinhares,itsmealves
MauricioLimaJR,itsmealves
paulapithon,itsmealves
renatohlf,itsmealves
albjoaov,itsmealves
luiztiago,lucascmelo
henvic,lucascmelo
guilhermefarias,lucascmelo
deyvisonrocha,lucascmelo
WilliamRoger,lucascmelo
ivanAndrade,lucascmelo
thiagoprazeres,leuthier
wellington16,leuthier
brunapvasconcelos,leuthier
MatheusSouza12,leuthier
joaopaulosama,leuthier
FilipelIOn,leuthier
interaminense,albertmourato
victorlaerte,albertmourato
diegonvs,albertmourato
alexpessoajr,albertmourato
mangueBit,albertmourato
wba25,albertmourato
fernandocastor,paulolieuthier
pcstl,paulolieuthier
horaciojcfilho,paulolieuthier
tomersimis,paulolieuthier
peaonunes,paulolieuthier
caionovaes,paulolieuthier
arthuralvim,fltiago
guiocavalcanti,fltiago
embs,fltiago
JoaoGFarias,fltiago
lipse,fltiago
aricardoreis,fltiago
frankjuniorr,favasconcelos
ericbbraga,favasconcelos
andremelo87,favasconcelos
jalexc,favasconcelos
tamiresa,favasconcelos
clovisdasilvaneto,alinedoleron
interaminense,alinedoleron
diegonvs,alinedoleron
alexpessoajr,alinedoleron
grodrigues,alinedoleron
willfelix,djalmaafilho
jonatascp,djalmaafilho
Jemesson,djalmaafilho
phsg,djalmaafilho
sflorencio,djalmaafilho
valterh4ck3r,Masterfoni
frog789,Masterfoni
ThomasSousa96,Masterfoni
joaopaulosama,Masterfoni
EduardoAmaral,Masterfoni
lhaisrs,caiobsouza
jonathasbsouza,caiobsouza
tomazhawkjr,caiobsouza
palaciowagner,caiobsouza
palaciowagner,caiobsouza
henvic,hnka
SilvaDecio,hnka
vbsilva,hnka
sccrn,hnka
eduardascharnhorst,hnka
karlafalcao,FranciscoMarinho
frankjuniorr,FranciscoMarinho
thiagoolsilva,FranciscoMarinho
lpmourato,FranciscoMarinho
wallacethierre,FranciscoMarinho
interaminense,brandizzi
diegonvs,brandizzi
alexpessoajr,brandizzi
inacionery,brandizzi
pedroqueiroz,brandizzi
Juniorlimaivd,gabrieldluca
penelopearaujo,gabrieldluca
AugustoQueiroz,gabrieldluca
VanessaVieiraVV,gabrieldluca
claudiopacheco,gabrieldluca
JohnsonMauro,lubarinobr
joelnetodev,lubarinobr
witerbino,lubarinobr
GutenbergCarlos,lubarinobr
larislav,lubarinobr
iagobelo,Vitor0liveira
rodolfoestevam,Vitor0liveira
luhanlacerda,Vitor0liveira
MatheusSouza12,Vitor0liveira
lauriavictor7,Vitor0liveira
luiztiago,sergiohampel
guilhermefarias,sergiohampel
arthurmichel,sergiohampel
WandersonAlves,sergiohampel
leonardopaiva,sergiohampel
filipeximenes,dudurocha
renatooliveira,dudurocha
arthuralvim,dudurocha
irgmedeiros,dudurocha
felipefarias,dudurocha
Juniorlimaivd,AugustoQueiroz
gabrieldluca,AugustoQueiroz
igormp,AugustoQueiroz
prximenes,AugustoQueiroz
PunishedBois,AugustoQueiroz
dvro,guilhermepaiva
JoaoGFarias,guilhermepaiva
antoniocorreia,guilhermepaiva
adailsonfilho,guilhermepaiva
felipedemacedo,guilhermepaiva
henriquemenezes,tarruda
paulolieuthier,tarruda
meiralins,tarruda
dapine,tarruda
spider8,tarruda
arthuralvim,chocoelho
vanessa,chocoelho
arineto,chocoelho
hugobessa,chocoelho
amandasavluchinske,chocoelho
arthuralvim,ericbbraga
frankjuniorr,ericbbraga
favasconcelos,ericbbraga
andremelo87,ericbbraga
tamiresa,ericbbraga
ovictoraurelio,Leviterus
ThiagoAugustoSM,Leviterus
romildojuliano,Leviterus
LGR3,Leviterus
GabrielVanderlei,Leviterus
karlafalcao,douglaslira
tuliohmendes,douglaslira
AbrantesMar,douglaslira
fehaa,douglaslira
joaopaulosama,douglaslira
fchicout,mateusrevoredo
FranciscoMarinho,mateusrevoredo
ThomazFB,mateusrevoredo
marlosin,mateusrevoredo
deyvisonbm,mateusrevoredo
talitaoliveira,jonathanslima
matheusFTC,jonathanslima
andersongns,jonathanslima
feliciosan,jonathanslima
lrsilva,jonathanslima
guiocavalcanti,hamorim
karlafalcao,hamorim
tpmarcs,hamorim
henriquemc,hamorim
jonatascp,hamorim
simoneas02,mayrarabelo
dmesquita,mayrarabelo
Suburbanno,mayrarabelo
lhaisrs,mayrarabelo
dmente03,mayrarabelo
ovictoraurelio,tancredosouza
Juniorlimaivd,tancredosouza
igormp,tancredosouza
AugustoQueiroz,tancredosouza
rcag2,tancredosouza
adrielcafe,casevictor
victorcarrico,casevictor
RodrigoCastiel,casevictor
meiralins,casevictor
pernambucano,casevictor
tuliohmendes,lpmourato
frankjuniorr,lpmourato
FranciscoMarinho,lpmourato
luizlago,lpmourato
tpmarcs,lpmourato
wellington16,vmms16
carvalhodj,vmms16
UdneyCarvalho,vmms16
andrelarruda,vmms16
simoneas02,wwcoderecife
jordanamorais,wwcoderecife
douglasrangel,wwcoderecife
joaopaulosama,wwcoderecife
diegonvs,andreldm
mulatinho,andreldm
paulobsa,andreldm
moisespalma,andreldm
patomarques,lhew
luizpaulogodoy,lhew
brunosouza,lhew
jmignac,lhew
roselmamendes,brunovpl
igoriols,brunovpl
staylward,brunovpl
gtgsantos,brunovpl
vanessa,citiufpe
amandasavluchinske,citiufpe
eduardolsneto2,citiufpe
alnp,citiufpe
hnka,matheusmariano
pablostellet,matheusmariano
edunjr,matheusmariano
ignispider,matheusmariano
horaciojcfilho,caionovaes
tomersimis,caionovaes
peaonunes,caionovaes
foolOnTheHill,caionovaes
chocoelho,rsarai
vanessa,rsarai
amandasavluchinske,rsarai
assj,rsarai
fjsj,jrafaelm
eduardocruz,jrafaelm
thiagodiniz,jrafaelm
filipevarjao,jrafaelm
AnnyChien,corallocatelli
abriela,corallocatelli
tecavasconcelos,corallocatelli
raisagalindo,corallocatelli
ovictoraurelio,ThiagoAugustoSM
Leviterus,ThiagoAugustoSM
romildojuliano,ThiagoAugustoSM
Heyzeh,ThiagoAugustoSM
renatooliveira,hugobessa
diegonvs,hugobessa
vanessa,hugobessa
amandasavluchinske,hugobessa
ramonsantos,eltonrufino
WandersonAlves,eltonrufino
jeftarmascarenhas,eltonrufino
eduardobaia,eltonrufino
guiocavalcanti,filipewl
gvc,filipewl
embs,filipewl
lbrito1,filipewl
henriquemenezes,ac-pm
rcbop,ac-pm
andremelo87,ac-pm
jhdavino,ac-pm
simoneas02,JohnsonMauro
talitaoliveira,JohnsonMauro
lubarinobr,JohnsonMauro
joelnetodev,JohnsonMauro
talitaoliveira,cassiolpaixao90
rodolfoestevam,cassiolpaixao90
fehaa,cassiolpaixao90
izaiasavila,cassiolpaixao90
horaciojcfilho,paulomenezes
luizlago,paulomenezes
fjmartins,paulomenezes
renatohlf,paulomenezes
tuliohmendes,phbraga
Juniorlimaivd,phbraga
renatoosousa,phbraga
bebetocf,phbraga
cleydyr,eduardobaia
AbrantesMar,eduardobaia
eltonrufino,eduardobaia
fehaa,eduardobaia
Juniorlimaivd,hfbassani
phbraga,hfbassani
renatoosousa,hfbassani
bebetocf,hfbassani
filipeximenes,raony
rasoliveira,raony
thiagoarrais,raony
brmedeiros,raony
filipeximenes,arineto
arthuralvim,arineto
chocoelho,arineto
matheuslins,arineto
simoneas02,ronaldoveras
guilhermefarias,ronaldoveras
ViniFlira,ronaldoveras
ViniFlira,ronaldoveras
filipeximenes,guilhermebm
fjsj,guilhermebm
thiagodiniz,guilhermebm
andrebuarque,guilhermebm
guiocavalcanti,soikmd2
deyvisonrocha,soikmd2
douglasrangel,soikmd2
diogobrsantos,soikmd2
leticiamachado,AnnyChien
corallocatelli,AnnyChien
abriela,AnnyChien
raisagalindo,AnnyChien
Juniorlimaivd,PedroRossi
peaonunes,PedroRossi
macm3,PedroRossi
rpss2,PedroRossi
ThiagoAugustoSM,MiniMarvin
Leviterus,MiniMarvin
MichaelBarney,MiniMarvin
GabrielVanderlei,MiniMarvin
filipeximenes,filipe0513
fjsj,filipe0513
patrickrbc,filipe0513
chicofilho,filipe0513
deyvisonrocha,diogobrsantos
douglasrangel,diogobrsantos
soikmd2,diogobrsantos
deyvisonrochaidealizza,diogobrsantos
arthuralvim,setanta
henriquemenezes,setanta
thiagoarrais,setanta
lauromoura,setanta
paulorec,tobiasparaiso
interaminense,tobiasparaiso
victorlaerte,tobiasparaiso
alexpessoajr,tobiasparaiso
jpedroh,aacgn
gilesv,aacgn
eduardosm7,aacgn
GabrielGouv,aacgn
pauloborba,herbertt
iagobelo,herbertt
lubarinobr,herbertt
thaisabr,herbertt
henriquemenezes,AbrantesMar
fehaa,AbrantesMar
eduardobaia,AbrantesMar
keywilliams,AbrantesMar
igormp,soareswallace
bebetocf,soareswallace
AugustoQueiroz,soareswallace
prximenes,soareswallace
brunnogomes,fernandopereira
araujoraphael,fernandopereira
GeneseLessa,fernandopereira
danilosoares,fernandopereira
diegonvs,renatohlf
itsmealves,renatohlf
paulomenezes,renatohlf
SilvaDecio,renatohlf
arthuralvim,gppeixoto
peaonunes,gppeixoto
jpedrocm,gppeixoto
vinimoraesrc,gppeixoto
AugustoQueiroz,igormp
tancredosouza,igormp
prximenes,igormp
PunishedBois,igormp
rodolfoestevam,luhanlacerda
Vitor0liveira,luhanlacerda
RodrigoRodrigues7,luhanlacerda
interaminense,walber
diegonvs,walber
alexpessoajr,walber
iagobelo,mauLeal
rodolfoestevam,mauLeal
Vitor0liveira,mauLeal
henriquemenezes,tcostam
andremelo87,tcostam
luizpaulogodoy,tcostam
Juniorlimaivd,bebetocf
phbraga,bebetocf
renatoosousa,bebetocf
arthuralvim,victorpluna
AlexSoaresDeSiqueira,victorpluna
sfilhu,victorpluna
Juniorlimaivd,renatoosousa
bebetocf,renatoosousa
fms6,renatoosousa
WandersonAlves,fehaa
cassiolpaixao90,fehaa
vinyfalcao,fehaa
luanfonceca,klebercode
irgmedeiros,klebercode
juniorbrasil,klebercode
gabrielteodosio,flpn
gustavomeloGH,flpn
koodaa,flpn
paulorec,netoabel
alexpessoajr,netoabel
sergiohampel,netoabel
ktquez,saulobr88
yelken,saulobr88
Jeffguitar,saulobr88
andreldm,paulobsa
moisespalma,paulobsa
joaopaulosama,paulobsa
ovictoraurelio,jgfn1
t0rr3sp3dr0,jgfn1
almdac,jgfn1
ovictoraurelio,almdac
jctvEC,almdac
jgfn1,almdac
alsmoreira,ThomasSousa96
valterh4ck3r,ThomasSousa96
Masterfoni,ThomasSousa96
arthuralvim,felypenery
alsmoreira,felypenery
alexpessoajr,felypenery
diegonvs,jpedroh
aacgn,jpedroh
GabrielGouv,jpedroh
brunofarache,igoriols
henriquemenezes,igoriols
brunovpl,igoriols
gabrielteodosio,gustavomeloGH
flpn,gustavomeloGH
fjmartins,gustavomeloGH
renatooliveira,isabarros
roselmamendes,isabarros
embs,isabarros
gvc,lbrito1
embs,lbrito1
filipewl,lbrito1
leuthier,MatheusSouza12
Vitor0liveira,MatheusSouza12
manoelfneto,MatheusSouza12
alsmoreira,Allansantosdefreitas
andersonpe,Allansantosdefreitas
johnmaykbrito,Allansantosdefreitas
t0rr3sp3dr0,lvrma
peaonunes,lvrma
adecarli,lvrma
filipeximenes,felipesotero
renatooliveira,felipesotero
arthuralvim,felipesotero
tomersimis,lapl
peaonunes,lapl
vinimoraesrc,lapl
talitaoliveira,DyogoViana
cassiolpaixao90,DyogoViana
mafrnds,DyogoViana
pauloborba,guilhermejccavalcanti
embs,guilhermejccavalcanti
arthurmenezesb,guilhermejccavalcanti
vmms16,carvalhodj
UdneyCarvalho,carvalhodj
belcsantiago,carvalhodj
leticiamachado,abriela
corallocatelli,abriela
AnnyChien,abriela
filipeximenes,chicofilho
meiralins,chicofilho
filipe0513,chicofilho
luiztiago,aperrelli
jordanamorais,aperrelli
cleydyr,aperrelli
ericbbraga,andremelo87
favasconcelos,andremelo87
tcostam,andremelo87
Juniorlimaivd,pcosv
penelopearaujo,pcosv
AugustoQueiroz,pcosv
filipeximenes,antoniocorreia
guilhermepaiva,antoniocorreia
felipedemacedo,antoniocorreia
peaonunes,macm3
mangueBit,macm3
petinformatica,macm3
Leviterus,MichaelBarney
LGR3,MichaelBarney
GabrielVanderlei,MichaelBarney
Juniorlimaivd,penelopearaujo
gabrieldluca,penelopearaujo
pcosv,penelopearaujo
arthuralvim,figueredo
ericbbraga,figueredo
FlavioCastroFilho,figueredo
renatooliveira,rmd2
arthuralvim,rmd2
embs,rmd2
clovisdasilvaneto,manoelcyreno
diegonvs,manoelcyreno
jordanamorais,manoelcyreno
talitaoliveira,andersongns
matheusFTC,andersongns
caiochagas,andersongns
rbm4,bernardomelo
mangueBit,bernardomelo
VanessaVieiraVV,bernardomelo
jordanamorais,josealbino
rafaprax,josealbino
manoelcyreno,josealbino
AbrantesMar,antoniosj
mangelis,antoniosj
andrefilipesz,antoniosj
AvelinoGomez,alocjr
JamessonCheron,alocjr
ClaytonRocha,alocjr
simoneas02,raquelguimaraes
roselmamendes,raquelguimaraes
rasoliveira,raquelguimaraes
roselmamendes,rcaval
karlafalcao,rcaval
rasoliveira,rcaval
talitaoliveira,matheusFTC
andersongns,matheusFTC
amavlopes,matheusFTC
marcelcaraciolo,lauromoura
lipse,lauromoura
nielsonsantana,lauromoura
williambeto,mirjahal
luanoliveira1992,mirjahal
neryluc,mirjahal
leuthier,Gustavomagalhaes
danielcandidos,Gustavomagalhaes
MatheusUehara,Gustavomagalhaes
henriquemenezes,rafaelgsm
tcostam,rafaelgsm
flavindias,rafaelgsm
marcosisocram,wagnerbeethoven
grodrigues,wagnerbeethoven
pedroboudoux,wagnerbeethoven
casevictor,RodrigoCastiel
bebetocf,RodrigoCastiel
phrps,RodrigoCastiel
gabrieldluca,Juniorlimaivd
andreneto,Juniorlimaivd
AugustoQueiroz,Juniorlimaivd
simoneas02,pereiragislene
roselmamendes,pereiragislene
irgmedeiros,pereiragislene
embs,alexodrosgomes
santojon,alexodrosgomes
cConectando,alexodrosgomes
guiocavalcanti,danilosoares
julihermes,danilosoares
fernandopereira,danilosoares
deividazevedo2,ktquez
oliveriojnn,ktquez
saulobr88,ktquez
casevictor,adrielcafe
AJS99,adrielcafe
BenjamimRodrigo,adrielcafe
mirjahal,esdrascosta
carlosvictor,esdrascosta
diegocamara,esdrascosta
lipse,daniellqueiroz
gpb,daniellqueiroz
aldeniolima,daniellqueiroz
gileno,juliosmelo
arthuralvim,juliosmelo
sfilhu,juliosmelo
allanragec,douglas-queiroz
AlexSoaresDeSiqueira,douglas-queiroz
jhdavino,douglas-queiroz
macm3,leoreinaux
khurama,leoreinaux
khurama,leoreinaux
IsmaelGomes,sudorafa
marconemm,sudorafa
aacgn,gilesv
eduardosm7,gilesv
Juniorlimaivd,andreneto
caionovaes,andreneto
arthurmichel,marcoshmendes
lucianojsjr,marcoshmendes
rennanmoura1990,tonnyvx
guilhermebrandao,tonnyvx
leuthier,daniloBlera
carvalhodj,daniloBlera
pedroboudoux,marcosisocram
wagnerbeethoven,marcosisocram
alsmoreira,jcrbsa
alexjosesilva,jcrbsa
Gustavomagalhaes,thiagoprazeres
leuthier,thiagoprazeres
lucasbarross,rafaelmotaalves
luanbrito7,rafaelmotaalves
lucasbiagini,caiocaladoo
pnasc,caiocaladoo
arthuralvim,victorfsf
matheuslins,victorfsf
carlosvictor,izaiasavila
jhdavino,izaiasavila
raafaelima,ledebour
MrRickSan,ledebour
alsmoreira,heitorpaceli
alexpessoajr,heitorpaceli
renatoosousa,fms6
rlom,fms6
hamorim,tpmarcs
lpmourato,tpmarcs
sfilhu,guinetik
thiagotargino,guinetik
mateusrevoredo,fchicout
sudorafa,fchicout
tcostam,WilbertoFilho
atilarec,WilbertoFilho
corallocatelli,raisagalindo
AnnyChien,raisagalindo
simoneas02,giuliosa
ronaldoveras,giuliosa
marcosisocram,pedroboudoux
wagnerbeethoven,pedroboudoux
guilhermebrandao,rennanmoura1990
tonnyvx,rennanmoura1990
mangueBit,rbm4
LGR3,rbm4
henriquemenezes,rhnasc
peaonunes,rhnasc
yelken,joaopaulosama
klaytoncavalcante,joaopaulosama
rbm4,mangueBit
ess2,mangueBit
luiztiago,brunosouza
medeirosrod,brunosouza
victorlaerte,feliperp-81
allanragec,feliperp-81
carvalhodj,UdneyCarvalho
vmms16,UdneyCarvalho
Cisneiros,tonidas
peaonunes,tonidas
mateusrevoredo,ThomazFB
ThaisaMirely,ThomazFB
moisespalma,consensotec
sabrinagmcruz,consensotec
roselmamendes,ricardowendell
rasoliveira,ricardowendell
henvic,rpragana
lipse,rpragana
deyvisonrocha,wfsneto
julihermes,wfsneto
guilhermepaiva,adailsonfilho
feliperfmarques,adailsonfilho
antoniocorreia,felipedemacedo
cleniomendes,felipedemacedo
vanessa,alnp
amandasavluchinske,alnp
diegonvs,BernardoHazin
kevinbreaker,BernardoHazin
igormp,PunishedBois
AugustoQueiroz,PunishedBois
felipedealbuquerque,fecalemos
filipeluiz,fecalemos
dvro,rcaferraz
angelobrito,rcaferraz
matheuslins,Augusto94
pedrojsn96,Augusto94
santojon,fabiorush
FlavioCastroFilho,fabiorush
almdac,jctvEC
EduardoFreit,jctvEC
AlexSoaresDeSiqueira,erickapsilva
andrelarruda,erickapsilva
luiztiago,saulolso
luizpaulogodoy,saulolso
luizpaulogodoy,tiagotrigo
jmignac,tiagotrigo
rbm4,LGR3
Leviterus,LGR3
mirjahal,neryluc
matheusFTC,neryluc
lucascmelo,WilliamRoger
gildoneto,WilliamRoger
arthuralvim,pernambucano
leoamf,pernambucano
Eviomarcio,pricardoti
davilmaster,pricardoti
r4ddek,Daanielvb
licensed,Daanielvb
jpedroh,GabrielGouv
aacgn,GabrielGouv
lucasbarross,luanbrito7
rafaelmotaalves,luanbrito7
vanessa,aquelefelipe
amandasavluchinske,aquelefelipe
henriquemenezes,zimmerle
lipse,zimmerle
chocoelho,andresmachado
isaacdias,andresmachado
diogobrsantos,linhaplana
pedroboudoux,linhaplana
victorcarrico,ntocampos
acmh,ntocampos
rennanmoura1990,guilhermebrandao
tonnyvx,guilhermebrandao
leticiamachado,tecavasconcelos
corallocatelli,tecavasconcelos
eltonrufino,ramonsantos
sjcostaneto,ramonsantos
leonardopaiva,pabloreis
jorgemarc,pabloreis
simoneas02,mauriciomanoel
giuliosa,mauriciomanoel
vitordeatorreao,diogoffmelo
DwarfThief,diogoffmelo
mayrarabelo,dmente03
viniciusgalvao,dmente03
paulorec,abhnerAraujo
ianfireman,abhnerAraujo
filipeximenes,victoracioli
fjsj,victoracioli
frankjuniorr,wallacethierre
FranciscoMarinho,wallacethierre
WandersonAlves,guuhh
FernandoRLCruz,guuhh
tuliohmendes,carlosvictor
izaiasavila,carlosvictor
marcelcaraciolo,cinguilherme
nielsonsantana,cinguilherme
luiztiago,ivanAndrade
deyvisonrocha,ivanAndrade
simoneas02,kessiacastro
daicorrea,kessiacastro
cassiolpaixao90,PauloSanches
sfilhu,PauloSanches
palaciowagner,allandoamaral
palaciowagner,allandoamaral
tcostam,luizpaulogodoy
jmignac,luizpaulogodoy
karlafalcao,nivan
abelb0rges,nivan
arthuralvim,tuliocpbs
matheuslins,tuliocpbs
pedroqueiroz,AlexandreDiegoS
assj,AlexandreDiegoS
andersonberg,gillianomenezes
joaopaulosama,gillianomenezes
alsmoreira,valterh4ck3r
ThomasSousa96,valterh4ck3r
rafaelmotaalves,lucasbarross
luanbrito7,lucasbarross
rsarai,assj
AlexandreDiegoS,assj
filipeximenes,andersonberg
gillianomenezes,andersonberg
valterh4ck3r,AdeildoNeto
johnmaykbrito,AdeildoNeto
guiocavalcanti,lpmfilho
mauriciomanoel,lpmfilho
mirjahal,williambeto
julihermes,williambeto
vanessa,amandasavluchinske
alnp,amandasavluchinske
WandersonAlves,SandroSena
viniciuspolux,SandroSena
arthuralvim,sfilhu
victorpluna,sfilhu
talitaoliveira,oliveriojnn
ktquez,oliveriojnn
cleydyr,filipeluiz
fecalemos,filipeluiz
leuthier,wellington16
brunosan7os,wellington16
arthuralvim,andredm
guiocavalcanti,andredm
luiztiago,viniciusgalvao
dmente03,viniciusgalvao
henriquemenezes,marcocarnut
lipse,marcocarnut
daniellqueiroz,mabj
gpb,mabj
igormp,prximenes
AugustoQueiroz,prximenes
joaoluizdhv,viniciusmsfraga
joaoMonte,viniciusmsfraga
simoneas02,leonardooo
thiagoarrais,leonardooo
pauloborba,thaisabr
JoaoGFarias,thaisabr
victorfsf,matheuslins
arineto,matheuslins
modcs,vandialves
modcs,vandialves
frankjuniorr,rbrazileiro
giovanebribeiro,rbrazileiro
douglasrangel,jfabiofl
diogobrsantos,jfabiofl
andreldm,mulatinho
aeciojr,mulatinho
leuthier,Matheus-Campos
MatheusSouza12,Matheus-Campos
deyvisonrocha,jonathantsilva
viniciusgalvao,jonathantsilva
aacgn,eduardosm7
gilesv,eduardosm7
jamissonfreitas,geocarvalho
wbgalvao,geocarvalho
nielsonsantana,wbgalvao
geocarvalho,wbgalvao
willfelix,dennys-bd
petermademann,dennys-bd
luiztiago,fraposo
deyvisonrocha,fraposo
deyvisonrocha,julihermes
renatoalvesdev,julihermes
flpn,gabrielteodosio
gustavomeloGH,gabrielteodosio
guilhermefarias,paulinhoerry
grodrigues,paulinhoerry
pcstl,hpbl
horaciojcfilho,hpbl
thiagoarrais,adilsonchacon
lipse,adilsonchacon
frankjuniorr,thiagoolsilva
FranciscoMarinho,thiagoolsilva
renatoosousa,rlom
fms6,rlom
paulomenezes,fjmartins
gustavomeloGH,fjmartins
diegoferreirati,iagoneresb
belcsantiago,iagoneresb
leticiamachado,magalhaesrebecca
tecavasconcelos,magalhaesrebecca
simoneas02,daicorrea
kessiacastro,daicorrea
victorpluna,AlexSoaresDeSiqueira
leoamf,AlexSoaresDeSiqueira
feliperfmarques,davincif
C0balto,davincif
lipse,lucianowolf
lauromoura,lucianowolf
peaonunes,dgmneto
macm3,dgmneto
roselmamendes,alvarocavalcanti
rasoliveira,alvarocavalcanti
antoniosj,eduardo-melo
rmd2,eduardo-melo
horaciojcfilho,foolOnTheHill
caionovaes,foolOnTheHill
dayvsonlima,joseronierison
guuhh,joseronierison
lubarinobr,joelnetodev
JohnsonMauro,joelnetodev
paulorec,wtmf
alexpessoajr,wtmf
diegonvs,MauricioLimaJR
itsmealves,MauricioLimaJR
rasoliveira,Bonifacio2
johanngomes,Bonifacio2
henriquemenezes,thypad
dvro,thypad
medeirosrod,filipe-torres
giovanebribeiro,ericksantana
abelb0rges,Kassio-Ferreira
flpn,koodaa
willfelix,walterjardim
hnka,kepa
atailton,brunofalc
renatohlf,AleffSouza
amandasavluchinske,eduardolsneto2
84PC04,julioamorim
lubarinobr,larislav
paulofloliveira,CaioMalaquias
JoaoGFarias,dcaragao
cauannelinhares,jbjj
mangueBit,ess2
matheusFTC,amavlopes
alsmoreira,wagnerbit
roselmamendes,mfeitosa
mirjahal,diegocamara
lubarinobr,GutenbergCarlos
guilherme77,BAMoreira
marcelcaraciolo,sergio3010
wendeldesouza,flavioms7
WilliamRoger,gildoneto
hnka,SilvaDecio
gabrieldluca,VanessaVieiraVV
karlafalcao,manunejaim
jonathanslima,feliciosan
cleniomendes,andrebuarque
MrRickSan,antonioaurel
matheusqfs,atailton
rcbop,carloseachaves
ivanAndrade,denissonsantos
luiztiago,madytorres
paulorec,sabrinandrade
esdrascavalcs,jessica-rmo
simoneas02,alicexmelo
ubmit,romagueralima
interaminense,manoelamorimneto
iagobelo,MaryCaroline
jvog,wesleygcs
rodolfoestevam,claudvanbarret
gabrielteodosio,jean-rar
caiobsouza,rodrigoal
lipse,rafaelllins
Rafaziz,mayarajuvencio
gustavolopess,filipecmedeiros
r4ddek,italolemos
frankjuniorr,felipebelucena
izaiasavila,jhdavino
ramonsantos,levisaturnino
paulinhoerry,agcloud
vitordeatorreao,gdanzi
lbrito1,tiagofsilva
lgallindo,PedroRafaelDinizMarinho
marcelcaraciolo,joaosantana
douglascas,lericardolima
talitaoliveira,maysaborges
lericardolima,douglascas
tcostam,wilberto-blaze
klebercode,juniorbrasil
gtgsantos,batebit
Vitor0liveira,lauriavictor7
favasconcelos,jalexc
rafaelgsm,flavindias
hnka,eduardascharnhorst
douglasrangel,deyvisonrochaidealizza
gabrieldluca,claudiopacheco
brunovpl,staylward
ovictoraurelio,aht360
atailton,petrusaugusto
douglasrangel,guilhermegomes01
henvic,FernandaLandim
omailson,fdsadat
arthuralvim,feliperod
andrebuarque,cleniomendes
hnka,sccrn
karlafalcao,andreleitao
mmfsf,vitorbc
peaonunes,rfccg
diogoan,hugonmelo
krixapolinario,iatj
embs,rodrigomuribec
leuthier,hugosteixeira
fchicout,dolalima
horaciojcfilho,ebl4
andreximenes,rfapo
rennanmoura1990,RobsonPereira13
joaopaulosama,klaytoncavalcante
macm3,petinformatica
LucasLJorge,ericlrf
daniellyqueiroz,JNMarcos
brunnogomes,axontec
talitaoliveira,mafrnds
Gustavomagalhaes,mgrb
VanessaVieiraVV,svaf2
jandui,tecnologiane10
julihermes,renatoalvesdev
horaciojcfilho,reueljonathan
leimig,alejoceballos
sfilhu,danielAtOgilvy
rsaRodrigoSales,jeffrs
arthuralvim,joycelima
WandersonAlves,viniciusmantero
tcostam,emesonsantana
daniellqueiroz,aldeniolima
rafaelborja,jpfreire
giovanebribeiro,slunart
medeirosrod,hforesti
guinetik,ericmilfont
UmbertoB,LucasNevesV
joaopaulosama,BonnerAthos
lucasbiagini,Renartes
joaoluizdhv,acmd
feliperfmarques,joelbarbosamoraes
beugenio,wsantanapitang
luizlago,rubens73
guiocavalcanti,adozrocha
Uirado,JamessonCheron
alsmoreira,wsena
embs,diogoan
dcaragao,diogocaetano
soikmd2,tulliusvinicius
yelken,draraujoo
leuthier,FilipelIOn
albjoaov,VictorMouraz
arthurmichel,felipemarques8
antoniosj,andrefilipesz
caiosm1005,thiagogalvao
renatoosousa,Andre-dam
Juniorlimaivd,vbsilva
ThaisaMirely,esdrascavalcs
davidrft,betegelse
esdrascavalcs,dayvisons
roselmamendes,roMendes
ovictoraurelio,pnasc
MatheusSouza12,manoelfneto
alsmoreira,andredidier
horaciojcfilho,AleffHenrique
horaciojcfilho,felipebagetti
santojon,borgiani
tiagocalisto,fabiolindemberg
iagoneresb,sunr00t
WandersonAlves,felipeisidorio
vandialves,modcs
vandialves,modcs
aricardoreis,anderssonmelo
lucasrbk,LucasFranciscoCorreia
talitaoliveira,yeltsinseal
Augusto94,pedrojsn96
iagobelo,lmyboy
iagobelo,diegotsouza83
AbrantesMar,keywilliams
LucasNevesV,UmbertoB
atailton,matheusqfs
luhanlacerda,RodrigoRodrigues7
mayrarabelo,wlcosta
fernandofragoso,ricardovasc
jctvEC,EduardoFreit
omailson,igoleo
rodrigoperazzo,JPMagalhaes
lucasbiagini,andalvalmeida
t0rr3sp3dr0,gan640
esdrascavalcs,itamarsilva
leopoldomt,Gabisampaio
guiocavalcanti,matheusmmx
julioamorim,84PC04
iagoneresb,belcsantiago
leonardoaraujo85,marcomachado
acmd,joaoluizdhv
joaopaulosama,EduardoAmaral
victoraldabalde,gugacarvalho
t0rr3sp3dr0,monteiro-luiz
VictorMouraz,albjoaov
marcosisocram,hfcamilo
patrickrbc,rnns
joaoluizdhv,dpm-cin
andersongns,caiochagas
alsmoreira,jonathan-silva
ramonsantos,cassianoricardo
patrickrbc,marcelolima
interaminense,flaubert165
leonardoaraujo85,rafarocha
abhnerAraujo,ianfireman
paulorec,danielmedeiros52
mirjahal,luanoliveira1992
leticiamachado,mikeliguedes
roselmamendes,johanngomes
Renartes,lucasbiagini
frankjuniorr,medeirosrod
johanngomes,arthurms
islanilton,raphaelmonte
Leviterus,romildojuliano
fjmartins,fabiorecife
talitaoliveira,grodrigues
roselmamendes,akshaykarle
peaonunes,luishmelo
MatheusSouza12,alisonamerico
mateusrevoredo,marlosin
wagnerpaxs,misawsneto
roselmamendes,jpaulorio
iagoneresb,diegoferreirati
ArthurLCastro,eron93br
phbritoo,filipecabraal
KLEITONFREITAS,glpibr
jeftarmascarenhas,felipemanga
caionovaes,joelcipriano
luizpaulogodoy,jmignac
simoneas02,alexjosesilva
carlosvictor,deyvisonbm
raphaelmonte,leleofg
ThiagoAquino,FranclinC
ledebour,raafaelima
wagnerpaxs,engtom
thiagoarrais,estevaocm
ramonsantos,sjcostaneto
Masterfoni,frog789
marconemm,IsmaelGomes
ianlucas,matequeiroz
geocarvalho,jamissonfreitas
alexjosesilva,pablostellet
ramonsantos,jefferson-lima
henriquemenezes,diegocarloslima
simoneas02,mariojor
lmarinho,lmmenge
xewertonfilipe,marcelogalvao
leuthier,brunapvasconcelos
luanfonceca,deividazevedo2
jonathasbsouza,paulapithon
paulomenezes,rafaelroballo
matequeiroz,ianlucas
JamessonCheron,Uirado
frankjuniorr,filipecalegario
luiztiago,thiagotargino
eduardoluiz7,wba25
Gustavomagalhaes,MatheusUehara
rafaelfvcs,elidioxg
rodrigojulianib,KewinLima
elidioxg,rafaelfvcs
eron93br,davidrft
AJS99,niltonheck
roselmamendes,danielfsbarreto
diogoffmelo,vitordeatorreao
mayarajuvencio,Rafaziz
thiagoprazeres,geraldo7junior
t0rr3sp3dr0,wison27
IFormiga,spider8
shoesthe6,phellipealexandre
KewinLima,rodrigojulianib
alexpessoajr,tmoura10
leonardopaiva,pianolab
guilhermegomes01,douglasrangel
leonardooo,thiagoarrais
filipecabraal,zecafeitosa
alsmoreira,ArthurLCastro
peaonunes,fmm
esdrascavalcs,patomarques
IsmaelGomes,marconemm
allansid,gustavolopess
alanav120,thiagohenrique0810
brunolimawd,brunodutra
allanragec,llac78
fernandopereira,GeneseLessa
igorsimoes,igor-simoes
Gustavomagalhaes,danielcandidos
horaciojcfilho,marvinbraga
Makqsi,palmeidaprog
thiagogalvao,caiosm1005
edigomes,Artrogeno
SandroSena,viniciuspolux
fehaa,vinyfalcao
diegonvs,IFormiga
leticiamachado,paulofloliveira
sfilhu,leonardopaiva
matheuslins,MarcusDEFGH
moisespalma,brunolrb
cassiolpaixao90,wylliams
renatooliveira,debscorreia
tuliohmendes,pethersilva
gileno,hugoesb
engtom,wagnerpaxs
rcbop,leimig
wellington16,brunosan7os
carloseachaves,rcbop
JPMagalhaes,rodrigoperazzo
Eviomarcio,aeciovc
Jemesson,miguel89
mirjahal,saulo2
patrickrbc,tavlima
alsmoreira,andersonpe
tcostam,joaozig
LucasFranciscoCorreia,lucasrbk
VanessaVieiraVV,lsca
victorlaerte,diogo-lins
daniellqueiroz,gpb
antoniosj,mangelis
talitaoliveira,ericklucena
victorlaerte,diogo-lins
lubarinobr,witerbino
Thyerry,MayaraCastro
guiocavalcanti,rsilvabr
KewinLima,dnloliveira1
filipevarjao,tvarjao
marcoshmendes,lucianojsjr
vitorbc,mmfsf
ovictoraurelio,Valgueiro
MayaraCastro,Thyerry
caiobsouza,jonathasbsouza
wba25,eduardoluiz7
t0rr3sp3dr0,adecarli
