Id,nFollowers_recifenses
tarruda,5
mairatma,19
joselitojunior1,23
marcelcaraciolo,27
luanfonceca,9
deividazevedo2,1
gileno,23
simoneas02,37
filipeximenes,40
renatooliveira,35
luiztiago,18
ac-pm,4
fernandocastor,48
henvic,25
clovisdasilvaneto,24
zimmerle,2
fjsj,20
adrielcafe,3
arthuralvim,23
talitaoliveira,20
paulorec,8
dmesquita,6
ktquez,3
guilhermefarias,25
brunofarache,13
alsmoreira,14
lailsonbm,29
lmmenge,1
brunobasto,11
guiocavalcanti,24
pcstl,7
horaciojcfilho,8
roselmamendes,10
dakerfp,15
interaminense,15
caiorss,0
victorlaerte,14
miguelarauj1o,10
diegocarloslima,1
eduardocruz,6
henriquemenezes,7
karlafalcao,11
chocoelho,5
diegonvs,14
thiagodiniz,14
jonathanslima,5
gallindo,9
andrewesteves,0
jordanamorais,12
pauloborba,16
gvc,18
rasoliveira,7
vinicius3w,15
douglaslira,5
ovictoraurelio,9
andresmachado,2
marcellustavares,12
embs,9
dvro,8
kessiacastro,2
tomersimis,8
Suburbanno,0
iagobelo,8
tarcisio-marinho,0
victorcarrico,9
thiagoarrais,1
vanessa,6
patrickrbc,9
deyvisonrocha,7
filipevarjao,9
brunolimawd,7
alexpessoajr,13
brunnogomes,12
mauriciomanoel,2
arthurmichel,7
mayrarabelo,5
akshaykarle,2
lhaisrs,8
irgmedeiros,11
tuliohmendes,9
ramonsantos,2
HaysaRodrigues,9
yelken,7
JoaoGFarias,8
Cisneiros,10
paulolieuthier,6
pereiragislene,3
dayvsonlima,7
fchicout,2
lmarinho,11
jayralencar,0
victorfsf,2
mateusrevoredo,5
Juniorlimaivd,3
frankjuniorr,8
leopoldomt,11
RodrigoCastiel,3
hamorim,5
FranckAJ,0
arthurms,1
julianalucena,8
itsmealves,6
meiralins,8
felipefarias,7
t0rr3sp3dr0,7
casevictor,5
lipse,8
ThaisaMirely,7
marcosisocram,2
espellcaste,0
Gustavomagalhaes,3
leticiamachado,7
inacionery,8
abelb0rges,0
rpragana,2
WandersonAlves,11
omailson,6
alexjosesilva,1
peaonunes,7
matheusmariano,4
daniellqueiroz,3
caiobsouza,4
araujoraphael,9
djalmaafilho,5
rvlb-19,6
mirjahal,3
andersonresende,6
cleydyr,9
TigerRobocop,6
thiago-farias,0
gabrieldluca,5
eduardo-melo,2
herbertt,4
FranciscoMarinho,5
rafaprax,8
AbrantesMar,4
felipedealbuquerque,9
PedroRossi,4
lauromoura,3
rodolfoestevam,7
brandizzi,5
matheusFTC,3
alvarocavalcanti,2
pedroqueiroz,7
leuthier,6
foolOnTheHill,2
setanta,4
jeftarmascarenhas,9
eron93br,1
joseronierison,2
eudesll,7
alinedoleron,5
nielsonsantana,7
igormp,4
guilhermepaiva,5
rcaval,3
hpbl,2
oliveriojnn,2
raquelguimaraes,3
gcaraciolo,6
acmh,7
andreldm,4
brunovpl,4
rsilvabr,1
lpmfilho,2
atriciasabino,0
anantpaatra,0
alocjr,3
allanragec,7
sgosantos,7
mabj,2
caionovaes,4
rsarai,4
hnka,6
gabrielteodosio,2
marvinbraga,1
lucascmelo,6
julihermes,2
antoniosj,3
geocarvalho,1
ThiagoAugustoSM,4
leonardooo,2
sergiohampel,5
brunosan7os,1
mulatinho,2
dapine,0
albertmourato,6
rcbop,1
esdrascosta,3
fltiago,6
rafoli,6
nivan,2
ThomazFB,2
lubarinobr,5
wylliams,1
rbrazileiro,3
ramon-v,6
leoreinaux,2
raony,4
Lucas-CardosoO,6
AlexSoaresDeSiqueira,2
thiagoolsilva,2
luizlago,6
phbraga,4
paulomenezes,4
debscorreia,1
juliosmelo,3
MarcusDEFGH,1
RobsonCN2015,0
wwcoderecife,4
thiagoprazeres,2
douglas-queiroz,3
ericbbraga,5
guilhermebm,4
andersongns,3
cauannelinhares,0
meirinaldojunior,0
pernambucano,2
adilsonchacon,2
citiufpe,4
eltonrufino,4
IFormiga,1
caiocaladoo,2
Artrogeno,1
favasconcelos,5
andreneto,2
JohnsonMauro,4
DanBrV,0
flpn,3
leonardopaiva,1
renatoosousa,3
valterh4ck3r,2
Valgueiro,1
bebetocf,3
dnloliveira1,1
tcostam,3
dudurocha,5
hfbassani,4
cassiolpaixao90,4
matheuslins,2
gpb,1
gustavomeloGH,3
isabarros,3
patomarques,1
filipewl,4
misawsneto,1
yeltsin,0
penelopearaujo,3
thiago-cavalcanti,0
hugobessa,4
ezequias,0
pcosv,3
dennys-bd,2
andremelo87,3
tacionery,0
arineto,4
diego1araujo,0
corallocatelli,4
aperrelli,3
chicofilho,3
paulinhoerry,2
sjcostaneto,1
jpaulorio,1
johanngomes,1
grodrigues,1
gillianomenezes,2
Masterfoni,5
lucasbarross,2
luishmelo,1
andersonberg,2
AugustoQueiroz,5
lvrma,3
Allansantosdefreitas,3
lhew,4
jamissonfreitas,1
williambeto,2
adelmojnr,0
amandasavluchinske,2
tmoura10,1
pianolab,1
douglasrangel,1
KewinLima,1
sfilhu,2
igoriols,3
wellington16,2
filipeluiz,2
elidioxg,1
franciscoffavaro,0
brunapvasconcelos,1
viniciusgalvao,2
marcocarnut,2
lbrito1,3
ianlucas,1
MauricioLimaJR,2
Bonifacio2,2
fernandopereira,4
thiagotargino,1
carvalhodj,3
diogobrsantos,4
paulapithon,1
macm3,3
dgmneto,2
lucianowolf,2
davincif,2
filipe0513,4
MiniMarvin,4
daicorrea,2
figueredo,2
felipealencar,0
giovannipcarvalho,0
tobiasparaiso,4
iagoneresb,2
fjmartins,2
luanoliveira1992,1
Vitor0liveira,5
joelnetodev,2
estevaocm,1
tvarjao,1
kevinbreaker,0
palmeidaprog,1
fehaa,3
fecalemos,2
luizpaulogodoy,2
joaozig,1
rennanmoura1990,2
rbm4,2
ronaldoveras,3
camilacnery,0
rhnasc,2
jamessonfaria,0
mangueBit,2
brunosouza,2
aeciovc,1
pethersilva,1
brunoassisp,0
niltonheck,1
soareswallace,4
wagnerpaxs,1
consensotec,2
ricardowendell,2
gppeixoto,4
wfsneto,2
Asaffe,0
danielcandidos,1
igor-simoes,1
saulobr88,3
tonidas,2
victoraldabalde,0
viniciuspolux,1
thiagofranca,0
klebercode,3
marcoshmendes,2
adecarli,1
lucianojsjr,1
MayaraCastro,1
renvicente,0
filipecabraal,1
felipemanga,1
GabrielAlbq,0
r4ddek,0
netoabel,3
joelcipriano,1
tancredosouza,5
rafaelmotaalves,2
digounet,0
soikmd2,4
jmignac,1
antoniocorreia,3
ledebour,2
marlosin,1
fms6,2
tpmarcs,2
medeirosrod,1
AnnyChien,4
felipebonezi,0
Leviterus,5
BernardoHazin,2
Rafaziz,1
fernandofragoso,0
phellipealexandre,1
spider8,1
renatohlf,5
lpmourato,5
MatheusUehara,1
diogoffmelo,2
felipesotero,3
dmente03,2
jefferson-lima,1
guilhermebrandao,2
rmd2,3
jpedrocm,0
carlosvictor,2
mariojor,1
lapl,3
guilhermejccavalcanti,3
megazord,0
diogo10,0
wba25,1
ArthurLCastro,1
filipecalegario,1
linhaplana,2
abriela,3
Uirado,1
rafaelroballo,1
marcelogalvao,1
israeljunior,0
DaviBarros,0
jctvEC,2
eduardobaia,4
saulolso,2
Rom7,0
pablostellet,1
jamilsonbatista,0
WilliamRoger,2
mauLeal,3
neryluc,2
feliperfranca,0
jorgemarc,0
rodrigojulianib,1
Daanielvb,2
luhanlacerda,3
wison27,1
jpedroh,3
luanbrito7,2
FredMaranhao,0
rafaelfvcs,1
geraldo7junior,1
vitordeatorreao,1
vmms16,4
danielfsbarreto,1
marcelolima,1
jgfn1,3
matequeiroz,1
davidrft,1
sudorafa,2
victoracioli,2
manoelcyreno,3
leleofg,1
IsmaelGomes,1
ivanAndrade,2
frog789,1
jbsn94,0
fabiorecife,1
romildojuliano,1
raphaelmonte,1
willfelix,0
pricardoti,2
victorpluna,3
davidhsv,0
lucasbiagini,1
LGR3,2
walber,3
10c8,0
mikeliguedes,1
danielmedeiros52,1
rcaferraz,2
MichaelBarney,3
ntocampos,2
wallacethierre,2
PauloSanches,2
ianfireman,1
abhnerAraujo,2
rafarocha,1
MatheusSouza12,3
alexandreclayton,0
tecavasconcelos,2
alisonamerico,1
flaubert165,1
heitorpaceli,2
aacgn,4
marcoscampelo,0
engtom,1
FranclinC,1
raafaelima,1
almdac,3
deyvisonbm,1
ThomasSousa96,3
adjs,0
FelipeTrote,0
tonnyvx,2
yeltsinlima,0
raisagalindo,2
glpibr,1
lgallindo,0
adailsonfilho,2
especializa-user,0
pedroboudoux,2
feliperp-81,2
diegoferreirati,1
zecafeitosa,1
fmm,1
CaioMoraes,0
Thyerry,1
paulobsa,3
lsca,1
mangelis,1
rlom,2
mmfsf,1
roselmamendestw,1
ericklucena,1
witerbino,1
diogo-lins,1
lucasrbk,1
andredm,2
marlonchalegre,0
lacerdamarcelo,0
jonathasbsouza,1
SandroSena,2
vinyfalcao,1
AlaurentinoOfficial,0
eduardoluiz7,1
andersonpe,1
rodrigosiqueiradev,0
eliabejr,0
angelobrito,0
viniciusmsfraga,2
caiosm1005,1
caiofsr,0
rodrigodma,0
GeneseLessa,1
llac78,1
Matheus-Campos,2
brunodutra,1
jfabiofl,2
thaisabr,2
diegobarcelar,0
thypad,2
felypenery,3
jrafaelm,4
gilesv,2
thiagohenrique0810,1
gustavolopess,1
marconemm,1
paulofloliveira,1
rafaelgsm,3
tavlima,1
santojon,0
phrps,0
saulo2,1
mrrandrade,0
miguel89,1
leimig,1
mcquiggd,0
rodrigoperazzo,1
cinguilherme,2
franchenstein,0
pedrodiamel,0
hugoesb,1
jcrbsa,2
MrRickSan,0
izaiasavila,2
pabloreis,2
renatofilho,0
bcgs,0
danilosoares,3
erickapsilva,2
Augusto94,2
LukPOD1,0
brunohoppe,0
SamuelRocha2015,0
brunolrb,1
joaoferreirape,0
fareias,0
vitorbc,1
johnmaykbrito,0
jonathan-silva,1
julioamorim,1
amavlopes,1
Jnailson,0
tiagotrigo,2
alexodrosgomes,3
wagnerbeethoven,3
sabrinandrade,1
filipecmedeiros,1
levisaturnino,1
bernardomelo,3
wtmf,2
nvsfs,0
italolemos,1
felipemobile,0
manunejaim,1
AdeildoNeto,2
jhdavino,1
feliciosan,1
mfeitosa,1
josealbino,3
jbjj,1
afelipefernandes,0
ArthurLapprand,0
joaosantana,1
mateusnbm,0
ricardo7cordas,0
tiagofsilva,1
walterjardim,1
SilvaDecio,1
fraposo,2
wagnerbit,1
jonathantsilva,2
giovanebribeiro,0
gildoneto,1
SilvaDecio,1
giovanebribeiro,0
brnathanlima,0
eduardosm7,2
prximenes,2
DyogoViana,3
assj,2
mayarajuvencio,1
rodrigoal,1
albinojunior,0
EdmilsonSantana,0
tuliocpbs,2
rodolfops,0
denissonsantos,1
manoelamorimneto,1
alicexmelo,1
danilocostak5,0
carloseachaves,1
cafmf,0
rhuandantas,0
AlexandreDiegoS,2
romagueralima,1
felipebelucena,1
magalhaesrebecca,2
tiagohas,0
thyagoismael,0
Kassio-Ferreira,1
marcelopita,0
kepa,1
dcaragao,1
pedrovsra,0
koodaa,1
wesleygcs,1
karollmm,0
moisespalma,0
filipe-torres,1
joaopaulosama,2
eduardolsneto2,1
AleffSouza,1
UdneyCarvalho,2
agcloud,1
giuliosa,2
DwarfThief,0
jean-rar,1
daniloBlera,2
edigomes,0
jessica-rmo,1
udfds,0
ruamberg,0
tomazhawkjr,0
madytorres,1
robertoalencar,0
andreximenes,0
EduardoLisb,0
atailton,1
VanessaVieiraVV,1
andrebuarque,1
rcbpeixoto,0
giuliocc,0
jeronimonascimento,0
antonioaurel,1
Edgleyson,0
netuh,0
guinetik,2
MaryCaroline,1
claudvanbarret,1
rafaelllins,1
gdanzi,1
PedroRafaelDinizMarinho,1
rafaelwms,0
diegocamara,1
zearthur99,0
fabiorush,2
hgees,0
CaioMalaquias,1
Galtvan,0
sergio3010,1
ess2,1
flavioms7,1
GutenbergCarlos,1
ahyalla,0
ericksantana,2
raphalencar,0
philorocha,0
larislav,1
guilherme-rdnascimento,0
HuanChristopher,0
PedroHPVieira,0
brunofalc,1
maysaborges,1
PunishedBois,2
viniciosarodrigues,0
janiosarmento,0
klaytoncavalcante,1
LucasFranciscoCorreia,1
anderssonmelo,1
modcs,1
chgsilva,0
alessandrofls,0
cristinesereno,0
aquelefelipe,2
atilarec,0
GabrielGouv,2
yalves8,0
DataPE,0
AvelinoGomez,0
felipeisidorio,1
sunr00t,1
marcoscardoso,0
raissaguimaraes,0
fabiolindemberg,1
marchesin,0
marcosguedes01,0
fhenriquecm,0
pabhen,0
shoesthe6,0
warkentien2,0
GPrimow,0
borgiani,1
felipebagetti,1
AleffHenrique,1
manoelfneto,1
dellanio,0
andredidier,1
ronneyluan,0
pnasc,1
Eviomarcio,0
diasflp,0
xfernando,0
dayvisons,1
WillyNelson,0
hsaboya,0
daaysesouza,0
marlom-jobsom,0
gampeixoto,0
MORDC,0
roMendes,1
betegelse,1
esdrascavalcs,1
Wms5,0
dashdanilo,0
KLEITONFREITAS,0
pedrocab,0
vbsilva,1
wendeldesouza,0
allandoamaral,1
alanav120,0
daidson,0
Andre-dam,1
thiagogalvao,1
luizhsbrito,0
diegoMSilva,0
andrefilipesz,1
guuhh,2
FilipelIOn,1
rodrigolinsr,0
omarpta,0
felipemarques8,1
dieggop,0
henriquemc,0
VictorMouraz,1
japakr,0
vinimoraesrc,0
diogocaetano,1
jonatascp,0
DaviBFarias,0
washingtonferreira,0
alinnepriscila,0
petermademann,0
draraujoo,1
tulliusvinicius,1
ajgan,0
galegostigma,0
alnp,2
daniellyqueiroz,0
jonolo6,0
yeltsinseal,1
itsCleyton,0
euclidesgc,0
pedrojsn96,1
SirLVF,0
jvog,0
brfael,0
leoomelo,0
lucianasilva,0
WesleyJw,0
edfcsx,0
EwertonQueiroz,0
lmyboy,1
dpm-cin,1
rnns,1
matheusmmx,1
caiochagas,1
acaxon,0
hfcamilo,1
pdraguiar,0
albjoaov,1
monteiro-luiz,1
gugacarvalho,1
rcananea,0
EduardoAmaral,1
andersongimino,0
xewertonfilipe,0
joaoluizdhv,1
marcomachado,1
WilbertoFilho,2
elloserafim,0
belcsantiago,1
84PC04,1
Edy8123,0
Gabisampaio,1
paguso,0
feliperfmarques,0
felipedemacedo,2
orlandoaceto,0
denisreis,0
diegotsouza83,1
LABCEUS,0
lfcdsg88,0
zLimaa,0
itamarsilva,1
josenetome,0
flaviohmaia,0
apfmiranda,0
gan640,1
almagnosolucoes,0
altemberg,0
absilva,0
andalvalmeida,1
rodrigoaccountaccenture,0
lflucasferreira,0
renatalourena,0
vitorcruz8621,0
Allysonx,0
ioram7,0
charles-alves,0
JPMagalhaes,1
sofiagalvao,0
igoleo,1
mateus-nascimento,0
EduardoFreit,1
klaytondeoliveira,0
AdoniasBarros,0
ricardovasc,1
wlcosta,1
RodrigoRodrigues7,1
matheusqfs,1
ricardorobson,0
krixapolinario,0
UmbertoB,1
NthlLima,0
eratsu,0
robsonribeiros,0
andreporto,0
MartinsMateus,0
FlavioCastroFilho,0
peedrogabriel,0
lrsilva,0
uillaneduardo,0
cleytonfar,0
brunobpb,0
hrmd,0
keywilliams,1
WallaceRocha,0
julianophp,0
VictorManoel,0
diogoan,1
arthur-rizzo,0
Tiagoemerenciano,0
rpss2,0
tantodom,0
rcursino,0
wsena,1
JamessonCheron,1
Italord0,0
sheylacanutobf,0
walfredosa,0
tiagonog,0
ricardoebbers,0
JeffersonLPLima,0
tuliocrr,0
joseviccruz,0
hmilena,0
joaopaulogf,0
igorhlucenaa,0
caioamorim031,0
reforcomestrado2015,0
adozrocha,1
brunoeee,0
ebl4,1
TCezarRod,0
evandroabreu,0
iurylira,0
mattvie,0
HerlonNascimento,0
angelamcosta,0
joaoaab,0
dolalima,1
Fabio-Lins,0
GabrielaMattias,0
hugosteixeira,1
felipemdmelo,0
empacto,0
rodrigomuribec,1
cassiorsfreitas,0
andreguigo,0
AdrianoDayvson,0
rodrigoadamski,0
FernandoRLCruz,0
islanilton,0
cirg-upe,0
DoodleWeb,0
victor-cortez,0
iatj,1
hugonmelo,1
gertmuller88,0
kevenleone,0
valongueiro,0
dofobatista,0
rfccg,1
lericardolima,1
andreleitao,1
haroldogondim,0
sccrn,1
LDGNeto,0
brenodvs,0
igorsimoes,0
erikcordeiro,0
sjcleao,0
wizdow,0
cleniomendes,1
feliperod,1
dmfilho,0
fdsadat,1
sandrocavalcanti,0
AlefRGamer,0
leolsrd,0
carlosliracl,0
BrunoBA,0
PauloAlves3486,0
zchronoz,0
DodoAz,0
douglasbrandao00,0
FernandaLandim,1
taurustech,0
anakcampelo,0
grfneto,0
madsonmuller,0
guilhermegomes01,1
petrusaugusto,1
aht360,1
betocabus,0
marcelotheodoro,0
MarcoAurello,0
hcaula,0
RichardSilva12,0
staylward,1
brazsandro,0
rfccn,0
claudiopacheco,1
jimens,0
netoffdf,0
deyvisonrochaidealizza,1
cesarsantana2,0
eduardascharnhorst,1
filipeaguiar,0
flavindias,1
jalexc,1
SoulFlybr,0
carlosmax,0
pedrohub,0
lauriavictor7,1
vandialves,1
vmoliveira91,0
gtgsantos,0
tamiresa,0
mcdsb,0
batebit,1
deisesouza,0
RenatoRJF,0
joaovictortinoco,0
juniorbrasil,1
wilberto-blaze,1
diegomarinho,0
rfapo,1
GabrielSDG,0
C0balto,0
EBDAF1,0
ubmit,0
GabrielLourenco,0
gabrielteotonio,0
douglascas,1
marcuscarneiro,0
RobsonPereira13,1
Redley,0
arcelo,0
rubens73,1
RicardoCasteloBranco,0
arer76,0
petinformatica,1
cassianoricardo,1
ricardomelogt,0
diogofmcunha,0
fellipetenorio,0
wsantanapitang,1
joaoCarvalho1000,0
vescnet,0
leofmoura,0
gustavorecife,0
joelbarbosamoraes,1
ThiagoPco,0
raniel90,1
GabrielVanderlei,0
marcelomagf,0
GustavoCavalcante,0
LucasSafeno,0
palaciowagner,0
DavidCabral,0
MasterRick,0
jaasieljunior,0
EricJoosse,0
andersonbispo,0
andersontenorio,0
acmd,1
Renartes,1
marcuscarvalho6,0
fjuriolli,0
BonnerAthos,1
guiban,0
LucasNevesV,1
allansid,0
carlossilvamelo,0
romerotg,0
DagobertoJr,0
IlgssonBraga,0
joaquimmeira,0
ericmilfont,1
hforesti,1
joyceogilvy,0
tiagomuniz1,0
slunart,2
progerbr,0
felipetavaresmelo,0
phbritoo,0
brayner1,0
tgitirana,0
tag-i,0
bernardoreis,0
WeltonLSantos,0
gilchristiano,0
aeciojr,0
jpfreire,2
riltonjunior,0
marconirds,0
andrergomes,0
madsondeluna,0
mateus-buarque6,0
siandragon,0
emesonsantana,1
aldeniolima,1
alande-amorim,0
yurigu,0
licensed,0
buarquepedro,0
lucdias,0
italoj,0
jjs22,0
victorsaad00,0
viniciusmantero,1
joycelima,1
jeffrs,1
danielAtOgilvy,1
beugenio,0
alejoceballos,1
vctdiniz,0
reueljonathan,1
carlosolimpio,0
lumaneto,0
macae,0
cConectando,0
hugolhmartins,0
Jemesson,0
tassianoalencar,0
tecnologiane10,1
IkaroAlef,0
renatoalvesdev,1
jrmmendes,0
brunosmmm,0
bredynilsen,0
svaf2,1
flauber165,0
vald3mir,0
mgrb,1
almsantos,0
mafrnds,1
leandrowferreira,0
axontec,1
pedroclericuzi,0
rmmaf,0
JNMarcos,1
ericlrf,1
brunover,0
lukscmd,0
MungangaCriativa,0
ricaomoura,0
brnmilk,0
leogalego,0
joaovictorgodoy,0
AJS99,0
mauriciocarvalho,0
JH-Pacheco,0
almagno,0
taghunt,0
dojodocirculo,0
EduardoSouzaRocha,0
MarynaDiogenes,0
carlaosap,0
inloco,0
tandonwalia,0
fcsacin,0
widevis,0
pugpe,0
maiardm,0
bvlucena,0
phslfo,0
sbarza,0
netomagalhaes,0
lucianacampello,0
rhokrecife,0
rsilveirafh,0
wagnerleite,0
thzlima,0
felipechaulet,0
wfraga,0
alqlima,0
oliverbot,0
edulify,0
BrielMachado,0
esdraslc,0
pedrovds,0
spgroup,0
rogeraraujo90,0
viisar,0
vintasoftware,0
DanDas3,0
renatojmf,0
thomascristanis,0
rafaelmanzella-redstage,0
To1ro,0
Rdgdemelo,0
thomastbb,0
vrolim,0
Celsollopes,0
KennedyRichard,0
felipealima1984,0
agenciabynnes,0
filipehsilva,0
ajog,0
maratonando,0
davicruzaguiar,0
feliperodolfo,0
rodrigoosant,0
assertlab,0
DjalmaFilho-UFPE,0
gabiaf,0
sabrinagmcruz,0
valmirgomes,0
fdinizt,0
eliabejnr,0
gustavoAlves97,0
adsonxzx,0
magalhaes-christiano,0
DevProjBR,0
Neostromo,0
rafaelaamaral,0
renatoadmrede,0
ReCINhub,0
srmq,0
safaristudio,0
pedroeducandus,0
djfsoares,0
pitangagile,0
wensantos91,0
nathaliaitaliano,0
ThiagoAquino,0
manuttis,0
if1001,0
edudh,0
NegreirosBros,0
ismaeljr,0
vsguedes,0
flavioabarbosa,0
PauloFBCavalcanti,0
stapemusic-dev,0
SaTecnologia,0
jandui,0
thiagolins,0
edunjr,0
even3dev,0
RecifeCrypto,0
heldermccartney,0
nilesdsjr,0
Viniciusmlira,0
filipe-marques-souza,0
ClaytonRocha,0
leandrorss,0
anacgfp,0
lucascambuim,0
arllain,0
GPCiDE,0
brenocesar83,0
NascimentoSilva,0
ignispider,0
rayanagoncalves,0
LucasMattoso,0
camilaodsouza,0
LouisianaQuinino,0
DkMasTer60,0
lerao,0
svelhof,0
sandromendes,0
gustavor-souza,0
adson1990,0
LucianoMauro,0
yullegustavo,0
AnalytiqueConsulting,0
Strauch87,0
alesson-delmiro,0
refreshg0d,0
marciorecife,0
bioinfognmk,0
rwilker,0
Jonatasgonzaga,0
thalesrodrigo,0
stapemusic,0
BFalconieri,0
vanessamaartins,0
ThiagoJota,0
ProjetoPoo2,0
arthurmenezesb,0
JoasLemos,0
rgm2cin,0
HMCLDevs,0
araujokenedy,0
thiagolvlsantos,0
felipeaqueiroz,0
allsilva,0
danielcaruaru,0
avilasolucoes,0
fernandalandimOgilvy,0
NetherDrk,0
4qu3l3c4r4,0
jcsn2,0
tvmsouza,0
GrupoTangram,0
Mangue-Tecnologia,0
nti-ufpe,0
EliveltonR18,0
davicosta99,0
projetaoufrpe,0
augustolimasilva,0
rafaelpimentel,0
CaioNeves,0
LeonardoLeite,0
rodrigoogilvy,0
felipeeelyra,0
augustoguima,0
allanjsouza,0
juliofsneto,0
jrobertojunior,0
gilmarvitor,0
pedro-machado-manhaes-de-castro,0
celismac,0
TrilhaZero,0
revistazena,0
JuPerazzo,0
henriquedouglas22,0
apsinformatica,0
ytpessoa,0
fdavidcunha,0
MarianaVCCosta,0
Obthurel,0
fritzenxd,0
kms3,0
zaiin,0
deymoraes,0
pzoliveira,0
AlexMedeirosDev,0
HenryLimaBR,0
tiagohms,0
broguest,0
H3yF3n1x,0
Jm-Correia,0
LucasGStark,0
alesancoml,0
pvictorcaval,0
rafaelbeco,0
valdenia,0
Jcns,0
blendaguedes,0
rarrafael,0
subtitle-master,0
brmedeiros,0
concrete-aecio-barreto-junior,0
Jcns,0
valdenia,0
phenrique0206,0
beneditomacedo,0
felipehmsilveira,0
matheusraz,0
kunkanon,0
talita-albu,0
sfribeiro,0
tangerinalab,0
edipoalex,0
yurialb,0
Tekabout,0
Agilhub,0
camillotargas,0
ErlyAquino,0
victorpio,0
sites-em-recife,0
pjishimaru,0
literalsoftware,0
LookMobile,0
ehureka,0
JacopoPi,0
herlisson,0
NivSoft,0
tiagollalmeida,0
robsonescobar,0
ProjetosIFPE,0
sky-on,0
enobrega,0
CarlosCBF,0
danylocampos,0
ecdj,0
XARXTeam,0
jean-rnascimento,0
riquesena,0
atpessoa,0
elviscastro,0
plubit,0
cesarfranca,0
LucsFreitas,0
caioximenes,0
montenegrorabello,0
alexsandrogc,0
lostico,0
petrusz1,0
ghmarinho,0
hilariopiocomercial,0
Sauroo,0
pocshop,0
mgrtecnologia,0
augustovs,0
RodrigoN4,0
rrxs,0
AndreRBrandt,0
anajuriti,0
niesio,0
GleibsonCarlos,0
luizinhovao,0
scadete,0
CESARBR,0
marceloberenguer,0
carlosbrandao,0
rafaelnascimento96,0
felipejm,0
Flavio13Lins,0
eduardoformiga,0
sidneyn,0
KauanRodrigues,0
hugolz,0
pettll,0
ronaldoomjr,0
abbf,0
edencoelho,0
samuelvalentim,0
leandrocaf,0
paulo-dev88,0
msfilho,0
RenataRodrigues,0
celsomoreirape,0
developercmatos,0
marianeaguiar,0
ajudae,0
DeboraGouveia,0
pedro2049,0
neurotechpe,0
jualabs,0
celsonrd,0
unibratec-dwa,0
marcotuliozahn,0
kafram,0
AnaMontenegro,0
grpires,0
frevo-on-rails,0
colabore,0
Tinfor,0
projetoclaria,0
brunoxaves,0
globalmedia,0
luan1221,0
3ysoftwarehouse,0
VIISARDL,0
agileecommerce,0
hlb8,0
0Pedr,0
cjmaufpe,0
jsmochin,0
borapedrao,0
ajoathan,0
lucaspcburgos,0
Cmagnum,0
tcnl,0
djonathascardoso,0
bureauworks,0
Gvascons,0
dvdiegoviana,0
rodrigoprazim,0
silvinhamorais,0
gwsistemas,0
InterageASH,0
labcodes,0
philNorbert,0
IF977,0
crow-studio,0
geybsonLima,0
rcag2,0
glmoura,0
rafaeladiniz,0
coal-lang,0
diegosm3,0
r0yalss,0
ddinarte,0
biswon,0
EscoreBu,0
marcioancelmo,0
nuecompany,0
RFormiga,0
renatogbp,0
KennedyLins,0
MegPhoto,0
FEMUGPE,0
PyLadies-Recife,0
A2-Software-Studio,0
rafaelpereirainformata,0
amitcesar,0
FJOS-LF,0
limasued,0
TheCubeNet,0
CombatOrpheus,0
filipecmedeiros88,0
bernardo-eita,0
labsemente,0
RiSE,0
lukpbs,0
exclama,0
viniciusCostaLins,0
rodrigoam22,0
Know-How-Now,0
tiagocalisto,0
pabloneves,0
agenciaopera,0
Datametrica,0
VictorViana,0
petronioadm,0
emmanuellmota,0
janduijorge,0
carlos4web,0
eduardohmrodrigues,0
ClaudioSilvaDev,0
leoamf,0
gianpietrodimatteo,0
pet-informatica,0
fernandeshard,0
dudeplz,0
redu,0
cledsonlima,0
frontise,0
gmpaixao,0
tiagoalsilva,0
douglasjfm,0
joaquimferraz,0
eduardoraro,0
emmanuelsiqueira,0
nodebotsrec,0
yuunchizito,0
fulviofalcao,0
UnibratecTeam,0
teulalio,0
pauloscr,0
thiagogregorio,0
nordestinove,0
PaulTolkien,0
thiagolinsaraujo,0
LucasLJorge,0
Guloseimas,0
xjulius,0
rodrigonorat,0
WilsonPortoNeto,0
kiskodev,0
escorel,0
jardelhnascimento,0
mari988,0
andrelarruda,0
aka90888,0
Champsons,0
lfbonato,0
allamolima,0
djairvieira,0
gabrielbazante,0
cartello,0
luizcordeirosn,0
lapediufpe,0
MarcusPitang,0
blogdocafesaude,0
cs-felipe-trevisan,0
murix-technology,0
Pedalai,0
tasr,0
lmnascimento,0
brunokbcao,0
jontateixeira,0
victorhazin,0
lucasvsr,0
edsonjunior,0
mouradap,0
guardiaum,0
allan-mlpe,0
luau-project,0
joaoMonte,0
carlosherrerazag6,0
DanielBeckman,0
ThiagoVieiracqlt,0
warleyjunior,0
tiaoalvino,0
nickdag,0
fjedi9,0
alliance-life,0
h33lisola,0
ThyagoMC,0
dssv,0
dihrodrigoh,0
hagileprojetos,0
verdanatech,0
anniewalker,0
pedrogac22,0
LabEdmarVictor,0
meninababi,0
Nigiri,0
observatoriosar,0
tiagocaraujo,0
diegopessoa86,0
genomika,0
gutembergJunior,0
AVISE-TW,0
tecnodados,0
necktro,0
Jguidsdevrecife,0
Rodris,0
LeandersonCordeiro,0
duit,0
andrebarros,0
odevezap,0
KaoozFreitas,0
leobrito,0
nataliaalves,0
thiagohsramos,0
Idealizza,0
leonardoaraujo85,0
eliene-mb,0
chrisguerra,0
jorgesouza,0
Heyzeh,0
fernandohenriqueguimaraes,0
teles-tarcisio,0
hmullermail,0
luciosribeiro,0
pdacruz1,0
edjordao,0
lucasfcavalcanti,0
mv-informatica,0
AlbuquerqueFitec,0
pontesupe,0
mairaaraujo,0
implemente,0
uandersonricardo,0
marcosoliveiradev,0
carmopedroza,0
jpos2,0
jorgelar,0
luizafpa,0
uxpe,0
CIRGUPE,0
RafaelJardim,0
AccenturePSanches,0
AndersonPaixaoNascimetno,0
maribandeira,0
Manoeloli,0
alexandrebraz,0
fredcsilva,0
pycursos,0
henriquerebelo,0
ronalso,0
PetSaude,0
ThaisFernanda,0
fracmt,0
suruagy,0
projeto-we-care,0
mjagfilho,0
rogeriolimabr,0
luizafpalira,0
khurama,0
robertojmello,0
ThiagoFerreiraMachado,0
EliardoClaudio,0
ghbmelo,0
biancadoming0s,0
29manuel,0
raisamagalhaes,0
Leandrogalindo,0
juliovilar,0
popinha13,0
isacfernando,0
romuloslv,0
CycleView,0
MartinBalerio,0
ftrajano,0
Rickardu,0
leovc,0
maurofeitosa,0
erasmojr,0
cs-alessandra-pereira,0
tiagomvf,0
gopaladasa,0
mendoncajessica,0
queirozsantos,0
if1015-datascience-ufpe,0
infoVisGroup,0
marcosfbo,0
guava,0
tarcisioestevam,0
intelivix,0
arma29,0
viniciussantanav,0
adstec,0
phsg,0
ustore,0
whyllyan,0
LivreDigital,0
arthurmagno,0
tisstech-brasil,0
GPRT,0
elainexavier,0
EmersonFreire,0
sergio6268,0
quelcmpllo,0
Saber-Tecnologias,0
waltonribeiro,0
FelipeMartins96,0
jhlr,0
andreponce,0
Mijaru,0
HugoSoares01,0
ImCahu,0
snowshoe,0
liberalphg,0
ltertok,0
aricardoreis,0
FerrazNt,0
desenvolvimentoibgm,0
jvsolucoes,0
tarcisiosluna,0
brunors,0
RethinkDeployment,0
rlapenda,0
juliorangel,0
davilmaster,0
crystalsantos,0
hellton2,0
Thales28,0
Epitrack,0
amamaral,0
viccsouza,0
paulomateusms,0
thienry,0
ivojunior,0
Joaocara,0
hscabral,0
Carranca22,0
OtavianoM,0
DojoDev,0
liferaybrasil,0
CITi-UFPE,0
heit0r,0
facilit,0
prauebi,0
Musicamise,0
aronsales,0
cowde,0
julliomendonca,0
romgino,0
efgs,0
paulofcf,0
gugaemc,0
thiagopaz01,0
8bitbeard,0
wololo-tech,0
alm4,0
danilopor,0
vpalmeira,0
AlfredoSilv,0
miguelg4,0
engsw-gcm-master,0
lucaswelton,0
luizamorimsouza,0
adwwconsortium,0
bruno-leo,0
danilobarros18,0
Hashboard,0
hmignite,0
marcelomanchester,0
paulovgtb,0
quernel,0
MariaLuiza1967,0
aristideslimajr,0
JulianePires,0
arthurbrdantas,0
vicentesimoni,0
geeknightrecife,0
myualmeida,0
jopherl,0
oumessias,0
Lucas269,0
CaioRanyel,0
tecnologiaweb,0
aronsales,0
prauebi,0
cowde,0
Musicamise,0
BisaWeb,0
ranoya,0
mavydiego2,0
gruporpj,0
manguezal,0
paulomartinelli,0
thiagoporb,0
cacalado,0
robertgmelo,0
rborges79,0
raphaeldourado,0
edilsonalves,0
dhsm,0
renanalencar,0
acoelhods,0
diegotomfurtado,0
pedro-dreyer,0
tunechijr,0
SingularitySystems,0
nunesjessica,0
Combogo,0
andresaboia,0
rafaelcn1,0
wellingtoncabral,0
Luanpcdp,0
hilariopio,0
lucianan,0
matheusvfm,0
kcpedrosa,0
To1ur00,0
morrico,0
tenpestaerodesign,0
fabiocordeiroaraujo,0
brunomonteiro-pitang,0
malloni,0
leonardoAnjos16,0
rafa-br,0
dass-cin,0
angelica1981,0
cavalcantalines,0
itep-pe,0
filiphecarvalho,0
r8tecnologia,0
bemind,0
i2mobilesolutions,0
jacksonraniel,0
BenjamimRodrigo,0
edupombos,0
heliowap,0
ademilsodream,0
livyson,0
EFTBR,0
heycaio,0
vjsl,0
ViniFlira,0
romerorussel,0
Aennson,0
FelixBatista,0
gwarah,0
lainformatica,0
abneralcantara,0
mbf1998,0
SrWarlock200,0
mesainc,0
everaldocsneto,0
citi-onboarding,0
evamarlaa,0
Saulo8732,0
romendesTW,0
somdok7,0
vitoivan,0
BananaDigital,0
venosyd,0
Ch1c0h,0
heitorfranca,0
LAMFSistemas,0
Makqsi,0
Silop,0
comptechsolucoes,0
jonathan2008r,0
andersontrinity,0
PedroVictorDev,0
leogoncalves0112,0
znmC3zBvUaZS1GC1CRns,0
alissonmenezes,0
avantiaipd,0
wiltonmoreirajr,0
sflorencio,0
tpresende,0
smochin,0
rosilene15,0
gfellype,0
fmsystem,0
makellage,0
rafamelima,0
viitra,0
danieldani1983,0
FredericFerrera,0
brunodarce,0
amitc77,0
ueduardo,0
portalabsurdo,0
leonardotrindade,0
Aryostto,0
DigitalBits,0
henriquexpert,0
fadusi,0
edudelta,0
klaytson,0
Webinterativa,0
olavovitor,0
FelipeSQ,0
birut,0
victorxavier,0
thiagomoch,0
brunoharada,0
BernardoMontador,0
afluentes,0
eramo-software,0
luizlbon,0
whiteofdark,0
DevIsola,0
jeffersonamorim,0
isabarrostw,0
flashrising,0
rairangelos,0
ecsn,0
UFPE,0
IkaroSales,0
amorim-cleison,0
douglasventura,0
isaacdias,0
Manasses-Java,0
eduardoemery,0
jgabrielssilva,0
wagnercasino,0
wecarecorp,0
BestDesigners,0
joseanesantos,0
ggcampos,0
rafaelborja,0
cjmduarte,0
jmachadoaneto,0
alexmulatinho,0
otluiz,0
silvinoneto,0
eletronic,0
eperazzo,0
digitalnativa,0
somosaponte,0
eudesnoberto,0
kimtjs16,0
iamavalon,0
NeylorCesar,0
codetimesistemas,0
porquin,0
if710,0
oliveiramarcello,0
clinica-sim,0
b2tradingclub,0
NeylorCesar,0
codetimesistemas,0
porquin,0
if710,0
oliveiramarcello,0
clinica-sim,0
b2tradingclub,0
rafaelborja,0
hrockcouto,0
henriqueapollo,0
digitalnativa,0
eperazzo,0
BrunoLeo,0
manoelaugustoc,0
leoaraujo-royal,0
Jeffguitar,0
edax-gemmius,0
cjmduarte,0
jhonathanmatheus,0
BrunoCamelo,0
Bode269,0
geekcafe,0
viniciusjsantanna,0
alesefs,0
tjcm,0
rbertoli99,0
jorgesouza000,0
caiohsfar,0
gfads,0
Monaliisa,0
gustavocabral,0
dfsdaniel,0
ThiagoPrime,0
dangomes04,0
heltonsantos,0
rafaelgibam,0
FBInvest,0
flavioasobrinho,0
RebecaHayanny,0
silviogatisf,0
antoniovandre,0
maykeriibeiro,0
kauparesque,0
livox,0
abic-ong,0
MarianaSenaBarreto,0
evercodes,0
icsouza,0
ivalenca,0
Azuirson,0
brunoperruci,0
seederwood,0
azevedoluiz,0
rwarstat,0
varejaodfav,0
maurojcs,0
carlosneander,0
aponte,0
hugorlima,0
mrmgomes,0
kassioribeiro,0
rsaRodrigoSales,0
EduardoSoares,0
JenniferPayne,0
fabianotiagobs,0
gdg-recife,0
italosimoes,0
guilhermecahu,0
ooerlang,0
In-Loco-Media,0
Danilosouza9612,0
flisolrecife,0
ThatyLima,0
tbxc,0
gmenge,0
CodeMigas,0
avlm,0
marcosjppf,0
cfregis,0
dvnp,0
Openredu,0
leandrorio,0
hqlpedro,0
leettech,0
jacscin,0
prgc,0
prfrancaf,0
gleydsonageu,0
